Workbook
Name Biz_Permitted: Parameters!$D$6:$D$10
Name Caps_Grade: Parameters!$A$6:$A$10
Name Caps_Metro: Parameters!$B$6:$B$10
Name Caps_NonMetro: Parameters!$C$6:$C$10
Name Expired_Days: Parameters!$B$22
Name Late_Days: Parameters!$B$21
Name Lbl_Alcohol: Parameters!$B$29
Name Lbl_Assumption: Parameters!$B$41
Name Lbl_BizNo: Parameters!$B$34
Name Lbl_Business: Parameters!$B$32
Name Lbl_Comp: Parameters!$B$36
Name Lbl_Definite: Parameters!$B$40
Name Lbl_Expired: Parameters!$B$39
Name Lbl_Flight: Parameters!$B$26
Name Lbl_Hotel: Parameters!$B$27
Name Lbl_Late: Parameters!$B$38
Name Lbl_Meals: Parameters!$B$28
Name Lbl_Metro: Parameters!$B$30
Name Lbl_NA: Parameters!$B$37
Name Lbl_NeedApproval: Parameters!$B$58
Name Lbl_NeedDays: Parameters!$B$57
Name Lbl_NeedNights: Parameters!$B$56
Name Lbl_NonMetro: Parameters!$B$31
Name Lbl_NoReceipt: Parameters!$B$33
Name Lbl_Viol: Parameters!$B$35
Name Limit_Metro: Parameters!$B$14
Name Limit_NonMetro: Parameters!$B$15
Name Min_Days_Booked: Parameters!$B$19
Name Receipt_Threshold: Parameters!$B$20
Name Rule_Basis: Parameters!$B$45:$B$52
Name Rule_IDs: Parameters!$A$45:$A$52
Name Test_Synth: Test_Cases!$D$3

Sheet Task Brief
A1: T06 Expense claim policy checker
A2: Mini project | 30 marks | Build something with free LLM tools
A4: Task ID | B4: T06
A5: Task | B5: Expense claim policy checker
A6: Theme | B6: No-code apps & dashboards
A7: Suggested free tools | B7: Gemini Canvas, ChatGPT Canvas or Claude (free) to generate the app; Excel / Google Sheets to verify numbers
A8: What students do | B8: 1. Convert the travel policy rules into checks with the help of an LLM. 2. Build a tool that flags each claim as compliant or violation, with the rule broken. 3. Manually audit 30 flagged claims to measure false alarms. 4. Summarise the top violation types for the CFO.
A9: Deliverables | B9: Checker tool; audit sheet; CFO summary; AI-use log
A10: Dataset in this file | B10: 400 expense claims + 15 travel policy rules - 'Claims' sheet: 400 rows x 14 columns - 'Policy Rules' sheet: 15 rows x 3 columns
A11: About the data | B11: All data is synthetic and created for teaching; companies, people and figures are fictional. Treat it as if it were real business data. If a 'Gold Labels (evaluation)' sheet is present, do NOT give it to the AI tool - use it only at the end to measure your accuracy.
A12: Team size | B12: Individual (or pairs if your faculty allows)
A13: Responsible AI rules | B13: Use only free tools; never paste real personal or confidential data into public AI tools; verify every number the AI gives you; disclose AI-generated content.
A14: Submission | B14: 1) Build link / file / screen recording 2) This workbook with your outputs added as new sheets 3) Completed 'AI Use Log' sheet (minimum 15 entries) 4) 3-5 page report with recommendation and reflection
A16: Evaluation rubric (30 marks)
A17: Criterion | B17: What is assessed | C17: Marks | D17: Excellent | E17: Good | F17: Fair | G17: Poor
A18: 1. Working build | B18: Tool / bot / app / automation works end to end on the provided data; link, file or screen recording submitted | C18: 8 | D18: Runs fully (7-8) | E18: Minor gaps (5-6) | F18: Partly working (3-4) | G18: Not working (0-2)
A19: 2. Correctness and verification | B19: Outputs checked against the data or gold labels; accuracy measured; errors found and fixed | C19: 7 | D19: Systematic checks with numbers (6-7) | E19: Some checks (4-5) | F19: Few checks (2-3) | G19: None (0-1)
A20: 3. Prompting and iteration | B20: Clear, structured prompts; at least 3 documented improvement rounds with reasons | C20: 5 | D20: Strong iteration (5) | E20: Some iteration (3-4) | F20: Mostly one-shot (2) | G20: No log (0-1)
A21: 4. Business insight and recommendation | B21: Specific, data-backed recommendation for the stated manager or customer | C21: 6 | D21: Actionable and quantified (6) | E21: Sound but generic (4-5) | F21: Descriptive only (2-3) | G21: Missing (0-1)
A22: 5. Documentation and reflection | B22: Complete AI-use log, limitations, responsible-AI notes and personal reflection | C22: 4 | D22: Complete and honest (4) | E22: Mostly complete (3) | F22: Thin (2) | G22: Missing (0-1)
A23: Total | C23: =SUM(C18:C22) -> 30

Sheet Claims
A1: claim_id | B1: employee_id | C1: employee_name | D1: grade | E1: expense_type | F1: city | G1: city_class | H1: amount_inr | I1: trip_end_date | J1: claim_submitted_date | K1: receipt_attached | L1: purpose_note | M1: days_booked_before_flight | N1: flight_class
A2: EXP00001 | B2: EMP003 | C2: Rahul Kaur | D2: M3 | E2: Meals/DA | F2: Jaipur | G2: Non-metro | H2: 1358 | I2: 45804 | J2: 45806 | K2: No | L2: Client dinner
A3: EXP00002 | B3: EMP055 | C3: Aditya Kulkarni | D3: M1 | E3: Hotel | F3: Jaipur | G3: Non-metro | H3: 8815 | I3: 45951 | J3: 45956 | K3: Yes | L3: Client dinner
A4: EXP00003 | B4: EMP033 | C4: Deepika Desai | D4: M2 | E4: Local Cab | F4: Mumbai | G4: Metro | H4: 1354 | I4: 45945 | J4: 46015 | K4: No | L4: Vendor meeting
A5: EXP00004 | B5: EMP055 | C5: Aditya Kulkarni | D5: M1 | E5: Hotel | F5: Chennai | G5: Metro | H5: 8155 | I5: 46041 | J5: 46050 | K5: Yes | L5: Site visit
A6: EXP00005 | B6: EMP009 | C6: Aditya D'Souza | D6: M5 | E6: Alcohol | F6: Mumbai | G6: Metro | H6: 2069 | I6: 45867 | J6: 45881 | K6: Yes | L6: Airport cab
A7: EXP00006 | B7: EMP024 | C7: Gurpreet Khan | D7: M3 | E7: Flight | F7: Nashik | G7: Non-metro | H7: 6289 | I7: 45836 | J7: 45845 | K7: Yes | L7: Team meeting | M7: 3 | N7: Economy
A8: EXP00007 | B8: EMP010 | C8: Imran Jadhav | D8: M1 | E8: Stationery | F8: Indore | G8: Non-metro | H8: 966 | I8: 45996 | J8: 45998 | K8: Yes | L8: Team meeting
A9: EXP00008 | B9: EMP034 | C9: Simran Mukherjee | D9: M2 | E9: Client Entertainment | F9: Delhi | G9: Metro | H9: 8867 | I9: 45903 | J9: 45923 | K9: Yes | L9: Flight booked
A10: EXP00009 | B10: EMP005 | C10: Yash Patil | D10: M1 | E10: Hotel | F10: Kochi | G10: Non-metro | H10: 11611 | I10: 45877 | J10: 45882 | K10: Yes | L10: Hotel stay
A11: EXP00010 | B11: EMP018 | C11: Vivaan Kulkarni | D11: M1 | E11: Client Entertainment | F11: Kochi | G11: Non-metro | H11: 7668 | I11: 45993 | J11: 45998 | K11: No | L11: Vendor meeting
A12: EXP00011 | B12: EMP028 | C12: Rajesh Sharma | D12: M2 | E12: Local Cab | F12: Indore | G12: Non-metro | H12: 1061 | I12: 45978 | J12: 45983 | K12: Yes | L12: Client dinner
A13: EXP00012 | B13: EMP055 | C13: Aditya Kulkarni | D13: M1 | E13: Meals/DA | F13: Mumbai | G13: Metro | H13: 1189 | I13: 45965 | J13: 46000 | K13: Yes | L13: Conference
A14: EXP00013 | B14: EMP012 | C14: Sandeep Verma | D14: M1 | E14: Local Cab | F14: Indore | G14: Non-metro | H14: 157 | I14: 46058 | J14: 46093 | K14: Yes | L14: Vendor meeting
A15: EXP00014 | B15: EMP042 | C15: Rahul Mishra | D15: M2 | E15: Flight | F15: Mumbai | G15: Metro | H15: 17576 | I15: 45944 | J15: 45949 | K15: Yes | L15: Flight booked | M15: 0 | N15: Economy
A16: EXP00015 | B16: EMP019 | C16: Kavya Pawar | D16: M2 | E16: Local Cab | F16: Bengaluru | G16: Metro | H16: 735 | I16: 45751 | J16: 45756 | K16: Yes | L16: Site visit
A17: EXP00016 | B17: EMP039 | C17: Farhan Khan | D17: M3 | E17: Local Cab | F17: Chennai | G17: Metro | H17: 2109 | I17: 45806 | J17: 45811 | K17: Yes | L17: Conference
A18: EXP00017 | B18: EMP039 | C18: Farhan Khan | D18: M3 | E18: Flight | F18: Nashik | G18: Non-metro | H18: 4019 | I18: 45950 | J18: 45985 | K18: Yes | L18: Flight booked | M18: 12 | N18: Economy
A19: EXP00018 | B19: EMP013 | C19: Suresh Mishra | D19: M2 | E19: Meals/DA | F19: Kochi | G19: Non-metro | H19: 944 | I19: 45801 | J19: 45815 | K19: Yes | L19: Team meeting
A20: EXP00019 | B20: EMP005 | C20: Yash Patil | D20: M1 | E20: Hotel | F20: Bengaluru | G20: Metro | H20: 11637 | I20: 45924 | J20: 45959 | K20: Yes | L20: Airport cab
A21: EXP00020 | B21: EMP052 | C21: Anil Pawar | D21: M2 | E21: Stationery | F21: Bengaluru | G21: Metro | H21: 1374 | I21: 45829 | J21: 45838 | K21: Yes | L21: Team meeting
A22: EXP00021 | B22: EMP057 | C22: Yash Gupta | D22: M3 | E22: Client Entertainment | F22: Indore | G22: Non-metro | H22: 5918 | I22: 45827 | J22: 45832 | K22: Yes | L22: Flight booked
A23: EXP00022 | B23: EMP002 | C23: Simran Gupta | D23: M2 | E23: Flight | F23: Bengaluru | G23: Metro | H23: 12701 | I23: 45878 | J23: 45887 | K23: No | L23: Flight booked | M23: 19 | N23: Economy
A24: EXP00023 | B24: EMP023 | C24: Manish Jadhav | D24: M5 | E24: Alcohol | F24: Mumbai | G24: Metro | H24: 2935 | I24: 45965 | J24: 45974 | K24: Yes | L24: Hotel stay
A25: EXP00024 | B25: EMP022 | C25: Fatima Mukherjee | D25: M1 | E25: Train | F25: Nashik | G25: Non-metro | H25: 2387 | I25: 45828 | J25: 45830 | K25: Yes | L25: Team meeting
A26: EXP00025 | B26: EMP052 | C26: Anil Pawar | D26: M2 | E26: Stationery | F26: Jaipur | G26: Non-metro | H26: 728 | I26: 45973 | J26: 45978 | K26: Yes | L26: Client dinner
A27: EXP00026 | B27: EMP010 | C27: Imran Jadhav | D27: M1 | E27: Meals/DA | F27: Kochi | G27: Non-metro | H27: 2160 | I27: 45751 | J27: 45756 | K27: Yes | L27: Team meeting
A28: EXP00027 | B28: EMP016 | C28: Riya Khan | D28: M3 | E28: Train | F28: Bengaluru | G28: Metro | H28: 2787 | I28: 45813 | J28: 45833 | K28: Yes | L28: Team meeting
A29: EXP00028 | B29: EMP055 | C29: Aditya Kulkarni | D29: M1 | E29: Local Cab | F29: Delhi | G29: Metro | H29: 1233 | I29: 46021 | J29: 46030 | K29: Yes | L29: Conference
A30: EXP00029 | B30: EMP028 | C30: Rajesh Sharma | D30: M2 | E30: Alcohol | F30: Mumbai | G30: Metro | H30: 4803 | I30: 45769 | J30: 45774 | K30: Yes | L30: Conference
A31: EXP00030 | B31: EMP055 | C31: Aditya Kulkarni | D31: M1 | E31: Local Cab | F31: Jaipur | G31: Non-metro | H31: 1564 | I31: 45925 | J31: 45927 | K31: No | L31: Team meeting
A32: EXP00031 | B32: EMP005 | C32: Yash Patil | D32: M1 | E32: Local Cab | F32: Bengaluru | G32: Metro | H32: 1971 | I32: 45902 | J32: 45907 | K32: Yes | L32: Team meeting
A33: EXP00032 | B33: EMP057 | C33: Yash Gupta | D33: M3 | E33: Flight | F33: Mumbai | G33: Metro | H33: 8594 | I33: 45962 | J33: 45967 | K33: Yes | L33: Team meeting | M33: 11 | N33: Economy
A34: EXP00033 | B34: EMP009 | C34: Aditya D'Souza | D34: M5 | E34: Hotel | F34: Bengaluru | G34: Metro | H34: 4231 | I34: 46034 | J34: 46036 | K34: Yes | L34: Airport cab
A35: EXP00034 | B35: EMP001 | C35: Meera Nair | D35: M2 | E35: Local Cab | F35: Indore | G35: Non-metro | H35: 157 | I35: 45761 | J35: 45775 | K35: Yes | L35: Conference
A36: EXP00035 | B36: EMP045 | C36: Nisha Sharma | D36: M4 | E36: Hotel | F36: Indore | G36: Non-metro | H36: 3894 | I36: 45762 | J36: 45782 | K36: Yes | L36: Conference
A37: EXP00036 | B37: EMP051 | C37: Harsh Chatterjee | D37: M2 | E37: Hotel | F37: Nashik | G37: Non-metro | H37: 14609 | I37: 45823 | J37: 45828 | K37: Yes | L37: Client dinner
A38: EXP00037 | B38: EMP059 | C38: Harpreet Pillai | D38: M3 | E38: Client Entertainment | F38: Bengaluru | G38: Metro | H38: 15200 | I38: 46042 | J38: 46112 | K38: Yes | L38: Client dinner
A39: EXP00038 | B39: EMP039 | C39: Farhan Khan | D39: M3 | E39: Flight | F39: Mumbai | G39: Metro | H39: 14773 | I39: 45812 | J39: 45847 | K39: Yes | L39: Airport cab | M39: 2 | N39: Economy
A40: EXP00039 | B40: EMP023 | C40: Manish Jadhav | D40: M5 | E40: Meals/DA | F40: Jaipur | G40: Non-metro | H40: 1613 | I40: 45961 | J40: 45970 | K40: Yes | L40: Airport cab
A41: EXP00040 | B41: EMP040 | C41: Rohan Nair | D41: M2 | E41: Meals/DA | F41: Delhi | G41: Metro | H41: 872 | I41: 45758 | J41: 45763 | K41: No | L41: Vendor meeting
A42: EXP00041 | B42: EMP035 | C42: Siddharth Shah | D42: M1 | E42: Hotel | F42: Kochi | G42: Non-metro | H42: 15960 | I42: 45990 | J42: 45999 | K42: Yes | L42: Airport cab
A43: EXP00042 | B43: EMP032 | C43: Suresh Mehta | D43: M1 | E43: Train | F43: Kochi | G43: Non-metro | H43: 2042 | I43: 45893 | J43: 45902 | K43: Yes | L43: Vendor meeting
A44: EXP00043 | B44: EMP043 | C44: Neha Kaur | D44: M2 | E44: Meals/DA | F44: Delhi | G44: Metro | H44: 1694 | I44: 46046 | J44: 46051 | K44: Yes | L44: Team meeting
A45: EXP00044 | B45: EMP014 | C45: Swati Iyer | D45: M2 | E45: Client Entertainment | F45: Kochi | G45: Non-metro | H45: 15355 | I45: 45855 | J45: 45864 | K45: Yes | L45: Airport cab
A46: EXP00045 | B46: EMP018 | C46: Vivaan Kulkarni | D46: M1 | E46: Meals/DA | F46: Mumbai | G46: Metro | H46: 1306 | I46: 45872 | J46: 45886 | K46: Yes | L46: Vendor meeting
A47: EXP00046 | B47: EMP013 | C47: Suresh Mishra | D47: M2 | E47: Hotel | F47: Bengaluru | G47: Metro | H47: 13851 | I47: 45909 | J47: 45918 | K47: Yes | L47: Flight booked
A48: EXP00047 | B48: EMP020 | C48: Vivaan D'Souza | D48: M1 | E48: Train | F48: Nashik | G48: Non-metro | H48: 1738 | I48: 45982 | J48: 45984 | K48: Yes | L48: Vendor meeting
A49: EXP00048 | B49: EMP017 | C49: Tanvi Pillai | D49: M3 | E49: Hotel | F49: Nashik | G49: Non-metro | H49: 9330 | I49: 46037 | J49: 46072 | K49: No | L49: Flight booked
A50: EXP00049 | B50: EMP055 | C50: Aditya Kulkarni | D50: M1 | E50: Train | F50: Indore | G50: Non-metro | H50: 4357 | I50: 46008 | J50: 46013 | K50: Yes | L50: Flight booked
A51: EXP00050 | B51: EMP041 | C51: Zoya Khan | D51: M3 | E51: Alcohol | F51: Indore | G51: Non-metro | H51: 4747 | I51: 45993 | J51: 45998 | K51: Yes | L51: Conference
... A61: EXP00060 | B61: EMP035 | C61: Siddharth Shah | D61: M1 | E61: Stationery | F61: Indore | G61: Non-metro | H61: 618 | I61: 45980 | J61: 45989 | K61: Yes | L61: Site visit
A62: EXP00061 | B62: EMP034 | C62: Simran Mukherjee | D62: M2 | E62: Flight | F62: Nashik | G62: Non-metro | H62: 19519 | I62: 45752 | J62: 45822 | K62: Yes | L62: Vendor meeting | M62: 10 | N62: Economy
A63: EXP00062 | B63: EMP016 | C63: Riya Khan | D63: M3 | E63: Flight | F63: Chennai | G63: Metro | H63: 3999 | I63: 46029 | J63: 46034 | K63: Yes | L63: Site visit | M63: 19 | N63: Economy
A64: EXP00063 | B64: EMP059 | C64: Harpreet Pillai | D64: M3 | E64: Stationery | F64: Indore | G64: Non-metro | H64: 1354 | I64: 45864 | J64: 45869 | K64: Yes | L64: Flight booked
A65: EXP00064 | B65: EMP056 | C65: Aditya Shah | D65: M2 | E65: Local Cab | F65: Delhi | G65: Metro | H65: 893 | I65: 45918 | J65: 45927 | K65: Yes | L65: Vendor meeting
A66: EXP00065 | B66: EMP001 | C66: Meera Nair | D66: M2 | E66: Local Cab | F66: Bengaluru | G66: Metro | H66: 1907 | I66: 46025 | J66: 46095 | K66: Yes | L66: Conference
A67: EXP00066 | B67: EMP035 | C67: Siddharth Shah | D67: M1 | E67: Meals/DA | F67: Jaipur | G67: Non-metro | H67: 1772 | I67: 45841 | J67: 45846 | K67: Yes | L67: Airport cab
A68: EXP00067 | B68: EMP049 | C68: Kabir Chatterjee | D68: M2 | E68: Hotel | F68: Nashik | G68: Non-metro | H68: 3750 | I68: 45938 | J68: 45940 | K68: No | L68: Conference
A69: EXP00068 | B69: EMP028 | C69: Rajesh Sharma | D69: M2 | E69: Local Cab | F69: Nashik | G69: Non-metro | H69: 1956 | I69: 45997 | J69: 46002 | K69: No | L69: Client dinner
A70: EXP00069 | B70: EMP047 | C70: Harpreet Kulkarni | D70: M4 | E70: Local Cab | F70: Chennai | G70: Metro | H70: 1939 | I70: 45771 | J70: 45773 | K70: Yes | L70: Flight booked
A71: EXP00070 | B71: EMP045 | C71: Nisha Sharma | D71: M4 | E71: Flight | F71: Bengaluru | G71: Metro | H71: 10011 | I71: 45767 | J71: 45769 | K71: No | L71: Flight booked | M71: 2 | N71: Economy
A72: EXP00071 | B72: EMP030 | C72: Neha Mehta | D72: M1 | E72: Alcohol | F72: Kochi | G72: Non-metro | H72: 2318 | I72: 45766 | J72: 45775 | K72: Yes | L72: Airport cab
A73: EXP00072 | B73: EMP050 | C73: Diya Desai | D73: M5 | E73: Hotel | F73: Chennai | G73: Metro | H73: 3809 | I73: 45842 | J73: 45856 | K73: No | L73: Team meeting
A74: EXP00073 | B74: EMP026 | C74: Rahul Reddy | D74: M2 | E74: Train | F74: Nashik | G74: Non-metro | H74: 2240 | I74: 46013 | J74: 46018 | K74: Yes | L74: Client dinner
A75: EXP00074 | B75: EMP012 | C75: Sandeep Verma | D75: M1 | E75: Flight | F75: Mumbai | G75: Metro | H75: 3816 | I75: 46046 | J75: 46060 | K75: Yes | L75: Airport cab | M75: 14 | N75: Business
A76: EXP00075 | B76: EMP046 | C76: Vivaan Reddy | D76: M1 | E76: Hotel | F76: Mumbai | G76: Metro | H76: 4524 | I76: 45893 | J76: 45895 | K76: Yes | L76: Site visit
A77: EXP00076 | B77: EMP026 | C77: Rahul Reddy | D77: M2 | E77: Meals/DA | F77: Jaipur | G77: Non-metro | H77: 1961 | I77: 45815 | J77: 45820 | K77: Yes | L77: Flight booked
A78: EXP00077 | B78: EMP052 | C78: Anil Pawar | D78: M2 | E78: Local Cab | F78: Jaipur | G78: Non-metro | H78: 1195 | I78: 45863 | J78: 45872 | K78: Yes | L78: Team meeting
A79: EXP00078 | B79: EMP011 | C79: Ananya Verma | D79: M1 | E79: Meals/DA | F79: Indore | G79: Non-metro | H79: 1426 | I79: 45813 | J79: 45822 | K79: Yes | L79: Site visit
A80: EXP00079 | B80: EMP013 | C80: Suresh Mishra | D80: M2 | E80: Local Cab | F80: Delhi | G80: Metro | H80: 2148 | I80: 45952 | J80: 45961 | K80: Yes | L80: Flight booked
A81: EXP00080 | B81: EMP040 | C81: Rohan Nair | D81: M2 | E81: Client Entertainment | F81: Mumbai | G81: Metro | H81: 11136 | I81: 46026 | J81: 46031 | K81: Yes | L81: Site visit
A82: EXP00081 | B82: EMP024 | C82: Gurpreet Khan | D82: M3 | E82: Local Cab | F82: Nashik | G82: Non-metro | H82: 1806 | I82: 45761 | J82: 45781 | K82: No | L82: Flight booked
A83: EXP00082 | B83: EMP021 | C83: Kavya Mishra | D83: M4 | E83: Meals/DA | F83: Nashik | G83: Non-metro | H83: 1658 | I83: 46048 | J83: 46057 | K83: No | L83: Site visit
A84: EXP00083 | B84: EMP021 | C84: Kavya Mishra | D84: M4 | E84: Meals/DA | F84: Jaipur | G84: Non-metro | H84: 439 | I84: 45867 | J84: 45872 | K84: No | L84: Conference
A85: EXP00084 | B85: EMP047 | C85: Harpreet Kulkarni | D85: M4 | E85: Train | F85: Kochi | G85: Non-metro | H85: 2611 | I85: 45989 | J85: 45991 | K85: No | L85: Team meeting
A86: EXP00085 | B86: EMP024 | C86: Gurpreet Khan | D86: M3 | E86: Local Cab | F86: Indore | G86: Non-metro | H86: 999 | I86: 46066 | J86: 46071 | K86: Yes | L86: Airport cab
A87: EXP00086 | B87: EMP038 | C87: Simran Shinde | D87: M3 | E87: Meals/DA | F87: Nashik | G87: Non-metro | H87: 449 | I87: 45940 | J87: 45949 | K87: Yes | L87: Site visit
A88: EXP00087 | B88: EMP051 | C88: Harsh Chatterjee | D88: M2 | E88: Flight | F88: Delhi | G88: Metro | H88: 12710 | I88: 45840 | J88: 45845 | K88: Yes | L88: Team meeting | M88: 4 | N88: Business
A89: EXP00088 | B89: EMP008 | C89: Aditi Jadhav | D89: M1 | E89: Meals/DA | F89: Indore | G89: Non-metro | H89: 2092 | I89: 45821 | J89: 45830 | K89: Yes | L89: Conference
A90: EXP00089 | B90: EMP018 | C90: Vivaan Kulkarni | D90: M1 | E90: Meals/DA | F90: Delhi | G90: Metro | H90: 876 | I90: 46008 | J90: 46022 | K90: Yes | L90: Vendor meeting
A91: EXP00090 | B91: EMP025 | C91: Karan Pawar | D91: M2 | E91: Train | F91: Jaipur | G91: Non-metro | H91: 4252 | I91: 45806 | J91: 45808 | K91: Yes | L91: Site visit
A92: EXP00091 | B92: EMP035 | C92: Siddharth Shah | D92: M1 | E92: Local Cab | F92: Bengaluru | G92: Metro | H92: 1689 | I92: 45831 | J92: 45836 | K92: Yes | L92: Airport cab
A93: EXP00092 | B93: EMP037 | C93: Madhuri Jadhav | D93: M1 | E93: Meals/DA | F93: Chennai | G93: Metro | H93: 1155 | I93: 45903 | J93: 45908 | K93: Yes | L93: Airport cab
A94: EXP00093 | B94: EMP041 | C94: Zoya Khan | D94: M3 | E94: Meals/DA | F94: Delhi | G94: Metro | H94: 1464 | I94: 45891 | J94: 45896 | K94: Yes | L94: Conference
A95: EXP00094 | B95: EMP001 | C95: Meera Nair | D95: M2 | E95: Hotel | F95: Jaipur | G95: Non-metro | H95: 12175 | I95: 45775 | J95: 45784 | K95: Yes | L95: Airport cab
A96: EXP00095 | B96: EMP034 | C96: Simran Mukherjee | D96: M2 | E96: Local Cab | F96: Delhi | G96: Metro | H96: 1410 | I96: 45986 | J96: 45995 | K96: No | L96: Client dinner
A97: EXP00096 | B97: EMP033 | C97: Deepika Desai | D97: M2 | E97: Flight | F97: Bengaluru | G97: Metro | H97: 7336 | I97: 46059 | J97: 46073 | K97: Yes | L97: Conference | M97: 11 | N97: Economy
A98: EXP00097 | B98: EMP028 | C98: Rajesh Sharma | D98: M2 | E98: Client Entertainment | F98: Jaipur | G98: Non-metro | H98: 11282 | I98: 46017 | J98: 46026 | K98: No | L98: Hotel stay
A99: EXP00098 | B99: EMP034 | C99: Simran Mukherjee | D99: M2 | E99: Client Entertainment | F99: Kochi | G99: Non-metro | H99: 7601 | I99: 45871 | J99: 45880 | K99: Yes | L99: Conference
A100: EXP00099 | B100: EMP015 | C100: Deepika Sharma | D100: M1 | E100: Train | F100: Chennai | G100: Metro | H100: 1196 | I100: 45999 | J100: 46019 | K100: Yes | L100: Vendor meeting
A101: EXP00100 | B101: EMP026 | C101: Rahul Reddy | D101: M2 | E101: Hotel | F101: Delhi | G101: Metro | H101: 6360 | I101: 45764 | J101: 45773 | K101: No | L101: Hotel stay
A102: EXP00101 | B102: EMP005 | C102: Yash Patil | D102: M1 | E102: Local Cab | F102: Nashik | G102: Non-metro | H102: 556 | I102: 46057 | J102: 46059 | K102: Yes | L102: Hotel stay
A103: EXP00102 | B103: EMP032 | C103: Suresh Mehta | D103: M1 | E103: Local Cab | F103: Jaipur | G103: Non-metro | H103: 1302 | I103: 45956 | J103: 45965 | K103: Yes | L103: Hotel stay
A104: EXP00103 | B104: EMP024 | C104: Gurpreet Khan | D104: M3 | E104: Meals/DA | F104: Jaipur | G104: Non-metro | H104: 1637 | I104: 45968 | J104: 45973 | K104: Yes | L104: Client dinner
A105: EXP00104 | B105: EMP049 | C105: Kabir Chatterjee | D105: M2 | E105: Meals/DA | F105: Jaipur | G105: Non-metro | H105: 783 | I105: 45932 | J105: 45934 | K105: Yes | L105: Vendor meeting
A106: EXP00105 | B106: EMP025 | C106: Karan Pawar | D106: M2 | E106: Train | F106: Chennai | G106: Metro | H106: 1957 | I106: 45896 | J106: 45901 | K106: Yes | L106: Hotel stay
A107: EXP00106 | B107: EMP033 | C107: Deepika Desai | D107: M2 | E107: Flight | F107: Delhi | G107: Metro | H107: 3662 | I107: 45824 | J107: 45844 | K107: Yes | L107: Client dinner | M107: 4 | N107: Economy
A108: EXP00107 | B108: EMP060 | C108: Joseph Chatterjee | D108: M1 | E108: Flight | F108: Delhi | G108: Metro | H108: 10475 | I108: 45958 | J108: 45963 | K108: No | L108: Conference | M108: 4 | N108: Economy
A109: EXP00108 | B109: EMP014 | C109: Swati Iyer | D109: M2 | E109: Stationery | F109: Delhi | G109: Metro | H109: 1368 | I109: 45886 | J109: 45888 | K109: Yes | L109: Client dinner
...

Sheet Policy Rules
A1: rule_id | B1: topic | C1: rule_text
A2: TP-01 | B2: Air travel | C2: Economy class for all grades on flights under 4 hours. Grade M4 and above may fly business class on flights over 4 hours.
A3: TP-02 | B3: Advance booking | C3: Flights must be booked at least 7 days before travel; later bookings need a written reason approved by the department head.
A4: TP-03 | B4: Train travel | C4: AC 2-tier for grades M1-M3 and AC 1st class for M4 and above.
A5: TP-04 | B5: Hotel limits - metro | C5: Maximum Rs 7,000 per night for M1-M2, Rs 10,000 for M3 and Rs 14,000 for M4 and above in metro cities.
A6: TP-05 | B6: Hotel limits - non-metro | C6: Maximum Rs 4,500 per night for M1-M2, Rs 6,500 for M3 and Rs 9,000 for M4 and above in other cities.
A7: TP-06 | B7: Daily allowance | C7: Rs 1,200 per day in metro cities and Rs 900 per day elsewhere, covering meals and incidentals.
A8: TP-07 | B8: Local conveyance | C8: App-based cabs or auto-rickshaws; self-drive rental cars need prior approval.
A9: TP-08 | B9: Alcohol | C9: Alcohol is not reimbursable under any circumstances.
A10: TP-09 | B10: Receipts | C10: Original receipts are required for every expense above Rs 500.
A11: TP-10 | B11: Claim deadline | C11: Claims must be submitted within 15 days of returning; claims older than 60 days are rejected.
A12: TP-11 | B12: International travel | C12: Needs approval from the business unit head and CFO at least 21 days before departure.
... A16: TP-15 | B16: Spouse travel | C16: Travel costs of a spouse or family member are not reimbursable.

Sheet Data Dictionary
A1: sheet | B1: column | C1: data_type | D1: example_value | E1: non_empty_values | F1: distinct_values
A2: Claims | B2: claim_id | C2: Text | D2: EXP00001 | E2: 400 | F2: 400
A3: Claims | B3: employee_id | C3: Text | D3: EMP003 | E3: 400 | F3: 60
A4: Claims | B4: employee_name | C4: Text | D4: Rahul Kaur | E4: 400 | F4: 60
A5: Claims | B5: grade | C5: Text | D5: M3 | E5: 400 | F5: 5
A6: Claims | B6: expense_type | C6: Text | D6: Meals/DA | E6: 400 | F6: 8
A7: Claims | B7: city | C7: Text | D7: Jaipur | E7: 400 | F7: 8
A8: Claims | B8: city_class | C8: Text | D8: Non-metro | E8: 400 | F8: 2
A9: Claims | B9: amount_inr | C9: Decimal number | D9: 1358.0 | E9: 400 | F9: 388
A10: Claims | B10: trip_end_date | C10: Date/time | D10: 2025-05-27 | E10: 400 | F10: 241
A11: Claims | B11: claim_submitted_date | C11: Date/time | D11: 2025-05-29 | E11: 400 | F11: 234
A12: Claims | B12: receipt_attached | C12: Text | D12: No | E12: 400 | F12: 2
A13: Claims | B13: purpose_note | C13: Text | D13: Client dinner | E13: 400 | F13: 8
... A18: Policy Rules | B18: rule_text | C18: Text | D18: Economy class for all grades on flights under 4 hours. Grade M4 and above may fl | E18: 15 | F18: 15

Sheet AI Use Log
A1: AI Use Log - fill one row per prompt (minimum 15). Yellow cells are for you to fill.
A2: Evidence = shared chat link or screenshot file name. Keep rejected outputs too - they earn marks under 'Prompting and iteration'.
A3: # | B3: date | C3: tool | D3: model / mode | E3: settings used (if any) | F3: prompt (exact text) | G3: what the output did well / badly | H3: what I changed next and why | I3: kept or rejected | J3: evidence link / file
A4: 1 | B4: 46296 | C4: Claude | D4: Claude Sonnet 5, claude.ai chat | F4: You are a business analyst supporting an MBA student. I am doing the mini project 'T06 Expense claim policy checker' (30 marks, individual). I am pasting the Task Brief, rubric, the 15 Policy Rules, the Data Dictionary and the Claims column headers with a few sample rows. Please analyse the assignment only and do not build anything yet. Cover: (1) what I must deliver and the four task steps; (2) the submission requirements and the rubric with marks; (3) constraints such as free tools only and responsible-AI rules; (4) which of the 15 policy rules appear testable with the 14 Claims columns, which are only partly testable and which cannot be tested, naming the missing fields; (5) dependencies between the steps; (6) risks, ambiguities and missing information; (7) a proposed execution strategy. Use only the text I provide, and where something is not stated, write 'Not stated - needs my confirmation' instead of assuming. Present the answer as short headed sections with one table for the rule-testability check (rule ID, testable / partial / not testable, fields used, what is missing). | G4: Covered deliverables, rubric, constraints and a rule-testability table (3 testable, 5 partial, 7 not testable). Missed that TP-10 has two thresholds (15 and 60 days) and the boundary wording of TP-02 and TP-09. | H4: Added the TP-10 two-threshold point and the exact boundaries to the Session 2 and 3 prompts. | I4: Kept | J4: https://drive.google.com/file/d/1W71MqVg8apF8terBuliPgteR6RNnApUs/view?usp=drivesdk
A5: 2 | B5: 46296 | C5: Claude | D5: Claude Sonnet 5, claude.ai chat | F5: You are a data analyst. Context: I am building an expense claim policy checker for the T06 mini project. I have attached the Claims sheet (400 rows, 14 columns, synthetic data) and its Data Dictionary. Task: profile the data before any policy checks. Report the row count, column types and blank counts, noting that days_booked_before_flight and flight_class should be filled only for Flight rows. Report counts by expense_type, grade, city_class and receipt_attached, and amount ranges by expense_type. Also report how the two date columns are stored, the distribution of days between trip_end_date and claim_submitted_date (minimum, median, maximum, and how many gaps exceed 15 and 60 days), and any anomalies, such as purpose_note values that do not match the expense_type. Constraints: use only the data I attached; do not judge policy compliance yet; explain how each number was calculated so I can reproduce it in Excel; label anything you are unsure of as 'to verify'. Output: a short findings list plus three small tables (counts, amount ranges, date-gap summary). | G5: Counts, amount ranges and date gaps were all correct when recalculated independently. Useful findings: amounts are whole rupees, only 7 distinct date gaps exist, purpose_note does not match expense_type. Hedged unsure points as 'to verify'. | H5: Used the verified counts in Session 3 and excluded purpose_note from all rule logic. | I5: Kept | J5: https://drive.google.com/file/d/1Wt6bq82FxgyAaUMRNJxh82bwbGaMyN32/view?usp=drivesdk
A6: 3 | B6: 46296 | C6: Claude | D6: Claude Sonnet 5, claude.ai chat | F6: You are a compliance analyst. Context: the T06 expense claim checker must apply the 15 travel policy rules (TP-01 to TP-15, pasted below) to the Claims columns: claim_id, employee_id, grade, expense_type, city, city_class, amount_inr, trip_end_date, claim_submitted_date, receipt_attached, purpose_note, days_booked_before_flight, flight_class. Verified data facts: the two flight columns are filled only for the 58 Flight rows; amount_inr is a whole-rupee amount per claim; there is no nights, days, flight-duration, train-class or approval field; purpose_note does not match expense_type and must not be used. Task: convert each rule into a check using these decisions I have made. (1) Claim status is only Compliant or Violation, with a separate basis column, Definite or Assumption-based; a claim breaking several rules lists all rule IDs. (2) TP-01: Business class for grades M1 to M3 is a violation; Economy is compliant; Business for M4 and above is treated as compliant because duration is unknown. (3) TP-02: Flight rows only, days_booked_before_flight below 7 is a violation, exactly 7 is compliant, basis Assumption-based because the approval exception is not recorded. (4) TP-04 and TP-05: for Hotel rows compare amount_inr with the nightly cap for the grade and city_class, treating each claim as one night, basis Assumption-based. (5) TP-06: for Meals/DA rows compare amount_inr with Rs 1,200 for Metro or Rs 900 for Non-metro, treating each claim as one day, basis Assumption-based. (6) TP-08: every Alcohol row is a violation. (7) TP-09: receipt_attached = No and amount_inr above 500 is a violation; exactly 500 is compliant. (8) TP-10: gap = claim_submitted_date minus trip_end_date in calendar days; above 15 is a violation labelled Late; above 60 is a violation labelled Expired; one rule ID for both. (9) TP-03, TP-07 and TP-11 to TP-15 cannot be tested with these columns; list them as Not checked with the missing field, never as compliant. Stationery and Client Entertainment have no cap, so only TP-09 and TP-10 apply to them. For every rule give the check in plain English, columns used, applies-to expense types, exact boundary logic, violation message naming the rule ID, basis, and testability status. Constraints: apply my decisions exactly; do not add rules, fields or assumptions; if any decision contradicts the rule text, say so instead of changing it; do not calculate counts from the data. Output: one table with the columns Rule ID, Check in plain English, Columns used, Applies to, Logic and boundary, Violation message, Basis, Testability, followed by a short list of any contradictions or gaps you notice. Policy rules: TP-01 Air travel: Economy class for all grades on flights under 4 hours. Grade M4 and above may fly business class on flights over 4 hours. TP-02 Advance booking: Flights must be booked at least 7 days before travel; later bookings need a written reason approved by the department head. TP-03 Train travel: AC 2-tier for grades M1-M3 and AC 1st class for M4 and above. TP-04 Hotel limits - metro: Maximum Rs 7,000 per night for M1-M2, Rs 10,000 for M3 and Rs 14,000 for M4 and above in metro cities. TP-05 Hotel limits - non-metro: Maximum Rs 4,500 per night for M1-M2, Rs 6,500 for M3 and Rs 9,000 for M4 and above in other cities. TP-06 Daily allowance: Rs 1,200 per day in metro cities and Rs 900 per day elsewhere, covering meals and incidentals. TP-07 Local conveyance: App-based cabs or auto-rickshaws; self-drive rental cars need prior approval. TP-08 Alcohol: Alcohol is not reimbursable under any circumstances. TP-09 Receipts: Original receipts are required for every expense above Rs 500. TP-10 Claim deadline: Claims must be submitted within 15 days of returning; claims older than 60 days are rejected. TP-11 International travel: Needs approval from the business unit head and CFO at least 21 days before departure. TP-12 Personal extension: Personal days added to a business trip are at the employee's cost, and the ticket fare must not exceed the business-only fare. TP-13 Approval chain: Domestic trips need manager approval; trips costing above Rs 1,00,000 also need the department head. TP-14 Cancellation: Cancellation charges caused by business reasons are reimbursed; charges from personal reasons are recovered. TP-15 Spouse travel: Travel costs of a spouse or family member are not reimbursable. | G6: Table matched the rule text, caps and boundaries exactly and applied my decisions. Listed useful contradictions (TP-01 stricter reading, TP-02 approved exception, per-night/per-day assumptions). Left basis undefined for Compliant claims and for mixed Definite/Assumption claims. | H6: Resolved the open points: exactly at cap is Compliant, claim basis is Definite if any broken rule is Definite, Basis blank for Compliant. Carried into the Session 4 register. | I6: Partly kept | J6: https://drive.google.com/file/d/1eQCyXQ4rKojceAHu2xyuftqs_JpeVHGb/view?usp=drivesdk
A7: 4 | B7: 46296 | C7: Claude | D7: Claude Sonnet 5, claude.ai chat | F7: You are a policy analyst. Context: I have a final rule-to-check specification for the T06 expense claim checker (pasted below) and the attached Claims sheet with 400 rows (columns: claim_id, employee_id, employee_name, grade, expense_type, city, city_class, amount_inr, trip_end_date, claim_submitted_date, receipt_attached, purpose_note, days_booked_before_flight, flight_class). Task: (1) create an Assumptions Register with one row per assumption: one claim equals one hotel night (TP-04 and TP-05); one claim equals one day (TP-06); a claim exactly at a cap or limit is Compliant; TP-02 late bookings are flagged even though an approved exception may exist; trip_end_date is treated as the return date (TP-10); Business class for grades M4 and above is Compliant because flight duration is unknown; claim-level basis is Definite if any broken rule is Definite, otherwise Assumption-based; 'Compliant' means no violation found among the 8 checked rules (TP-01, 02, 04, 05, 06, 08, 09, 10) while 7 rules (TP-03, 07, 11 to 15) are Not checked. For each assumption give what it affects, whether it is likely to over-flag or under-flag, and how my audit of 30 flagged claims could test it. (2) For Hotel rows and Meals/DA rows, compute how many claims would be flagged if each claim covered 1, 2 or 3 nights (hotel cap multiplied by 1, 2, 3) or days (daily limit multiplied by 1, 2, 3), and show the method so I can reproduce it in Excel. Constraints: do not change or challenge my decisions; do not propose alternative rules; use only the attached data and the specification; if a count cannot be computed from the data, say so; leave a line 'My confirmation: ______' under each assumption. Output: the register as a table with columns Assumption, Rule affected, Effect on flags, Over- or under-flag, How the audit can test it, My confirmation; then one small sensitivity table with the counts and the Excel method. Specification: TP-01 | Flight class allowed for the grade | Columns: expense_type, grade, flight_class | Flight rows | grade M1, M2, M3 with flight_class Business is a Violation; Economy is Compliant; grade M4, M5 with Business is Compliant (duration unknown) | Basis: Definite for M1 to M3 Business | Partial TP-02 | Flight booked at least 7 days ahead | Columns: expense_type, days_booked_before_flight | Flight rows | days_booked_before_flight below 7 is a Violation; 7 or more is Compliant | Basis: Assumption-based (approval exception not recorded) | Partial TP-03 | Train class for the grade | No columns | Train rows | Not checked, no train-class field | Not testable TP-04 | Metro hotel cost within nightly cap | Columns: expense_type, city_class, grade, amount_inr | Hotel rows, Metro | One claim treated as one night; caps M1-M2 Rs 7,000, M3 Rs 10,000, M4-M5 Rs 14,000; amount above cap is a Violation; equal to cap is Compliant | Assumption-based | Partial TP-05 | Non-metro hotel cost within nightly cap | Columns: expense_type, city_class, grade, amount_inr | Hotel rows, Non-metro | One claim treated as one night; caps M1-M2 Rs 4,500, M3 Rs 6,500, M4-M5 Rs 9,000; amount above cap is a Violation; equal to cap is Compliant | Assumption-based | Partial TP-06 | Daily allowance within limit | Columns: expense_type, city_class, amount_inr | Meals/DA rows | One claim treated as one day; limit Rs 1,200 Metro, Rs 900 Non-metro; amount above limit is a Violation; equal is Compliant | Assumption-based | Partial TP-07 | Cab type | No columns | Local Cab rows | Not checked, no cab-type or approval field | Not testable TP-08 | Alcohol never reimbursable | Column: expense_type | Alcohol rows | Every Alcohol row is a Violation | Definite | Testable TP-09 | Receipt required above Rs 500 | Columns: receipt_attached, amount_inr | All expense types | receipt_attached No and amount above 500 is a Violation; exactly 500 is Compliant | Definite | Testable TP-10 | Claim submitted on time | Columns: trip_end_date, claim_submitted_date | All expense types | gap = claim_submitted_date minus trip_end_date in calendar days; gap above 60 is a Violation labelled Expired; gap above 15 up to 60 is a Violation labelled Late; gap 15 or less is Compliant | Definite | Testable TP-11 to TP-15 | International approvals, personal extension, approval chain, cancellation, spouse travel | No columns | n/a | Not checked: the required fields (international flag, approvals, personal days, trip cost, cancellation flag, traveller relationship) are not in the data | Not testable Stationery and Client Entertainment rows are assessed only under TP-09 and TP-10. | G7: Register and sensitivity counts were correct (hotel flagged 49/19/12, Meals/DA 55/12/0) with usable Excel formulas. Weak point: suggested checking TP-10 against a confirmed return date, which the data cannot support. | H7: Signed off the assumptions (confirmation lines) and used the sensitivity numbers as the basis for the limitations section. | I7: Partly kept | J7: https://drive.google.com/file/d/1CD79v4L7Zv7fzJBP8N0emEmw0vS5aHGG/view?usp=drivesdk
A8: 5 | B8: 46296 | C8: Claude | D8: Claude Sonnet 5, claude.ai chat | F8: Act as a QA analyst. Using the attached rule-to-check specification and assumptions register (with my confirmations), give the evaluation order for the Checker and a test-case table for every checked rule (TP-01, 02, 04, 05, 06, 08, 09, 10): pass, fail and boundary cases such as exactly 7 days, 15 days, Rs 500 and cap amounts. Use real claim_ids from the Claims sheet where one exists, otherwise write 'synthetic case'. Do not add rules, change my decisions or compute totals. Table columns: Test ID, Rule ID, Input, Expected result, Claim ID or synthetic. | G8: Produced 50 test cases; every real claim_id and expected result was correct. It noted nothing was attached and used the earlier chat instead. Missing: boundary tests for the M3/M4/M5 caps and TP-06 at Rs 901, and Basis for Compliant claims was undefined. | H8: Added five extra boundary tests (S-01 to S-05) and decided Basis stays blank for Compliant claims. | I8: Partly kept | J8: https://drive.google.com/file/d/1XnC5o3JAkzC9mgHl7nLOzaqcMxW__UWO/view?usp=drivesdk
A9: 6 | B9: 46296 | C9: Claude | D9: Claude Sonnet 5, claude.ai chat | F9: Add two sheets to the attached T06 workbook, leaving the original sheets untouched: Parameters (hotel caps by grade and city class, daily limits, and the 7-day, Rs 500 and 15/60-day thresholds, one input cell each) and Checker (one row per claim, 400 rows). Columns: one check per rule TP-01, 02, 04, 05, 06, 08, 09, 10, then Status (Compliant/Violation), Rules broken (all IDs, using TEXTJOIN), TP-10 Late/Expired label, and Basis (blank for Compliant). Use formulas only, referencing Parameters, with no macros and no hardcoded numbers. Follow the attached specification exactly. List the 7 Not checked rules below the table. Return the file. | G9: Workbook recalculated with 0 formula errors; all 400 rows matched an independent recalculation (231 Violation, 169 Compliant; Basis 139 Definite / 92 Assumption-based). Formulas reference Parameters and named ranges. | H9: Moved to running the test cases against the Checker in Session 7. | I9: Kept | J9: https://drive.google.com/file/d/1VFzKxVW_Cw3RAVcquB7ViRUV--emwAzz/view?usp=drivesdk
A10: 7 | B10: 46297 | C10: Claude | D10: Claude Sonnet 5, claude.ai chat | F10: Attached is workbook v1 with the Checker sheet. Add a Test_Cases sheet from the attached test-case table (including my S-01 to S-05 additions): one row per test with the input fields, the expected result, and the actual result computed with the same formulas and Parameters as the Checker, plus a PASS/FAIL column and a pass count. For real claim_ids, look up the Checker row; for synthetic cases, enter the input fields. List every mismatch with cause and fix. Change only what is needed and do not alter my decisions. Return workbook v1.1 and a short change list. | G10: All 50 tests with expected results PASS, 0 FAIL; Checker and Parameters unchanged. S-01 to S-05 left as 'Awaiting input' because they were not attached. Limitation: synthetic cases re-apply the same formulas rather than running through the Checker row. | H10: Logged as Improvement Round 1: tests run, no defects found, no change made. Update: S-01 to S-05 were completed afterwards (M3/M4/M5 caps and TP-06 at Rs 901); all 55 tests now PASS. | I10: Kept | J10: https://drive.google.com/file/d/1SW3_wxUlOD6l_P4Kz9_lZYJBWTAkCtev/view?usp=drivesdk
A11: 8 | B11: 46297 | C11: Claude | D11: Claude Sonnet 5, claude.ai chat | F11: Improve the attached workbook v1.1 without changing the approved logic. Add a Summary sheet using COUNTIFS on the Checker: violations per rule (with each rule's basis), by expense_type and by grade, plus total flagged and compliant claims. Add an AutoFilter and frozen headers on the Checker, and keep the 'Rules not checked' list with the missing field for each rule. Use formulas only, referencing the Checker, with no hardcoded results. Return workbook v2 and a short change list. | G11: Summary figures matched my recount (231 flagged, per-rule hits 7/18/18/31/55/12/60/78, by expense type and grade). Checker logic unchanged. AutoFilter and frozen headers added. | H11: Logged as Improvement Round 2: Summary sheet and AutoFilter added, logic unchanged. | I11: Kept | J11: https://drive.google.com/file/d/1OUXjArduNqnCLaQnWy6w0sk8O4o-L5CJ/view?usp=drivesdk
A12: 9 | B12: 46297 | C12: Claude | D12: Claude Sonnet 5, claude.ai chat | F12: In the attached workbook v2, add a Verification sheet. For each checked rule (TP-01, 02, 04, 05, 06, 08, 09, 10), recompute the violation count directly from the raw Claims columns and Parameters using COUNTIFS or SUMPRODUCT, without using the Checker columns. Also recompute total flagged claims and the Definite versus Assumption-based split independently. Build a reconciliation table: Rule ID, Independent count, Checker count, Difference, Explanation. Do not change the Checker logic. Return workbook v2.1 and a short change list. | G12: All 16 reconciliation lines show difference 0. Limitation: both methods read the same Parameters, so it tests the formulas but not the policy values; two lines are derived by subtraction. | H12: Logged as Improvement Round 3: verification found 0 differences, no logic changed. | I12: Rejected | J12: https://drive.google.com/file/d/1kRXyZStfuVYfpxWSVSGO5iIN-pVaT0ak/view?usp=drivesdk
A13: 10 | B13: 46297 | C13: Claude | D13: Claude Sonnet 5, claude.ai chat | F13: You are an audit supervisor. Context: the attached workbook v2.1 has a Checker that flags 231 of 400 claims (rule flags: TP-01 7, TP-02 18, TP-04 18, TP-05 31, TP-06 55, TP-08 12, TP-09 60, TP-10 78; 139 claims have a Definite basis and 92 are Assumption-based only). Task: compare three ways to pick 30 flagged claims for a manual audit (simple random, stratified by rule, focused on Assumption-based flags), giving pros, cons and the false-alarm statistic each supports, then test my choice and verdict definitions for weaknesses. My choice: stratified by rule, with 30 claims = TP-01 3, TP-02 3, TP-04 3, TP-05 4, TP-06 4, TP-08 3, TP-09 5, TP-10 5, picked at random within each rule, no claim picked twice. My justification: rule sizes differ a lot (7 flags for TP-01 versus 78 for TP-10), so a simple random sample would include about one TP-01 claim on average and could miss TP-01 or TP-08 entirely; stratifying makes sure every rule is audited. I accept that small rules are over-represented, so I will report false alarms per rule and overall, say the overall rate is not a proportional estimate, and state that the audit measures false alarms only, not missed violations. Verdicts: True violation (breaks the policy text), False alarm (policy text and claim row show no breach), Cannot verify (depends on missing data such as nights, days or approval). Constraints: the brief only says 'audit 30 flagged claims'; do not select any claims yet; do not change my choice, only point out weaknesses. Output: a comparison table, a short critique of my choice, and the final verdict definitions. | G13: Comparison and probabilities were correct (about 37% chance of no TP-01 claim under simple random). Strong critique: False alarm is almost unreachable for TP-02/04/05/06, strata of 3 to 5 are tiny, the audit unit needs defining. Minor wording slip: said 92 claims or 122 rule flags (122 claims carry an Assumption-based flag, 92 are Assumption-only). | H13: Chose stratified sampling by rule with the 3/3/3/4/4/3/5/5 allocation; adopted verdict definitions with reason codes (CV-NIGHTS, CV-DAYS, CV-APPROVAL, CV-RETURN, CV-ORIGINAL); decided not to treat the Session 3 assumptions as facts in the audit. | I13: Kept | J13: https://drive.google.com/file/d/192Iy22-_DIG-knr-d5QT4vAdQc_O_i00/view?usp=drivesdk
A14: 11 | B14: 46297 | C14: Claude | D14: Claude Sonnet 5, claude.ai chat | F14: Add an Audit sheet to the attached workbook v2.1 with 30 flagged claims, stratified by rule as decided: TP-01 3, TP-02 3, TP-04 3, TP-05 4, TP-06 4, TP-08 3, TP-09 5, TP-10 5. Draw at random with a recorded seed, smallest strata first, no claim twice, and store the selected IDs as values, not live RAND(). Columns: Claim ID, all claim fields, audited rule, the exact policy rule text from Policy Rules, then blank columns My verdict (True violation / False alarm / Cannot verify), Reason code (CV-NIGHTS, CV-DAYS, CV-APPROVAL, CV-RETURN, CV-ORIGINAL), and My reason; put the Checker's own message in the last column. Do not fill any verdict. | G14: Audit sheet created with 30 distinct flagged claims and the correct allocation; seed 20261001 recorded and the draw reproduced exactly when re-run. Verdict columns correctly left blank; exact policy text shown per claim. | H14: Audit verdicts, reason codes and reasons for all 30 claims were completed by me manually, checking each claim against the policy text and the claim fields. AI was not used to decide the verdicts; it was used afterwards only to challenge the audit design and assumptions (see Session 12). | I14: Kept | J14: https://drive.google.com/file/d/1xM6hmqKIAcgNDJO-w0VRN9awEVIsaTeL/view?usp=drivesdk
A15: 12 | B15: 46297 | C15: Claude | D15: Claude Sonnet 5, claude.ai chat | F15: Act as a data analyst. Attached is the audited workbook v2.3. The audit of 30 stratified flagged claims found 16 True violations (TP-01 3, TP-08 3, TP-09 5, TP-10 5), 0 False alarms and 14 Cannot verify (CV-APPROVAL 3 for TP-02, CV-NIGHTS 7 for TP-04/05, CV-DAYS 4 for TP-06). Using only the Audit sheet and Checker, report the confirmed false-alarm rate and its possible range, group the 14 Cannot-verify claims by rule and cause, and say whether each stems from data limits, rule design or policy wording. Separate observed facts from interpretations, do not use the Checker's messages as audit evidence, and make no recommendations beyond what the audit supports. Output: a short findings list and one table by rule. | G15: Counts and causes matched the Audit sheet: 0 of 30 confirmed false alarms, possible range 0% to 46.7%, 14 Cannot verify all from TP-02/04/05/06. Correctly separated facts from interpretation and warned that 0% is not clean evidence for the Assumption-based rules. | H15: Decided not to change any rule logic (audit found no error); instead add transparency columns, a missing-data count and a sensitivity table in Session 13. | I15: Partly kept | J15: https://drive.google.com/file/d/1L5OXZvgLt7bnQtMin5XgCDkzO9AxEr0v/view?usp=drivesdk
... A19: 16 | B19: 46298 | C19: Claude | D19: Claude Sonnet 5, claude.ai chat | F19: Act as a finance communications writer. Add a one-page, print-ready CFO_Summary sheet to the attached workbook v3.1. Pull every number from Summary, Analytics and Audit with formulas, and use my recommendation text below word for word. Include a headline, the top violation types by count and value (marked Definite or Assumption-based), the audit result (16 True violation, 0 False alarm, 14 Cannot verify), my recommendation, and a limits box (7 rules not checked, one-night/one-day and return-date assumptions, audit measures false alarms only, values are not savings). Do not add savings, targets or any figure not in the workbook. Return workbook v3.2. Enforce now the three Definite-basis rules the audit confirmed (16 of 16 decided flags): block alcohol claims (TP-08: 12 claims, Rs 42,600), require a receipt above Rs 500 (TP-09: 60 claims, Rs 3,39,018) and flag Business class for grades M1 to M3 (TP-01: 7 claims, Rs 91,597); counted once, these are 78 claims worth Rs 4,68,885. For late submission (TP-10: 78 claims, the most frequent flag), apply the policy's own 60-day rejection to the 15 claims over 60 days (Rs 1,01,153) and add a reminder before the 15-day limit; this assumes trip_end_date is the return date. Before enforcing TP-02, 04, 05 and 06, add nights, days and late-booking approval fields to the claim form: 122 of 279 rule flags (claims worth Rs 9,17,734) cannot be confirmed from today's data, and the audit could not verify any of the 14 audited flags from these rules. Track success by re-running this Checker on new claims and watching the flagged share (57.8% today). All figures are values of flagged claims, not savings. | G19: CFO_Summary built with live formulas, one-page print area, no errors; recommendation text matched exactly; top violation table and limits box correct. Other sheets unchanged. | H19: Moved on to drafting the report. | I19: Kept | J19: https://drive.google.com/file/d/1diUZWsNs0F1U9prnreS8vS5gnqDeM5xa/view?usp=drivesdk
A20: 17
A21: 18
A22: 19
A23: 20
A24: 21
A25: 22
A26: 23
A27: 24
A28: 25

Sheet Parameters
A1: Parameters - T06 Expense claim policy checker
A2: Blue cells are the inputs; every Checker formula reads them (named ranges). Values come from the Policy Rules sheet, except where the note says "your decision" (Session 3 / 4 decisions).
A4: 1. Hotel caps (INR per night) and Business class by grade [TP-04, TP-05, TP-01]
A5: Grade | B5: Metro cap (INR) | C5: Non-metro cap (INR) | D5: Business class permitted? | E5: Note
A6: M1 | B6: 7000 | C6: 4500 | D6: No | E6: Caps: TP-04 / TP-05 text. One claim = one night (your assumption).
A7: M2 | B7: 7000 | C7: 4500 | D7: No | E7: Business: M1-M3 not permitted (TP-01).
A8: M3 | B8: 10000 | C8: 6500 | D8: No
A9: M4 | B9: 14000 | C9: 9000 | D9: Yes | E9: M4 and above: Business treated as Compliant because flight duration is unknown (your decision).
A10: M5 | B10: 14000 | C10: 9000 | D10: Yes
A12: 2. Daily limits (INR per day) [TP-06]
A13: City class | B13: Daily limit (INR) | C13: Note
A14: =Lbl_Metro -> Metro | B14: 1200 | C14: TP-06. One claim = one day (your assumption). Amount above limit = Violation; equal = Compliant.
A15: =Lbl_NonMetro -> Non-metro | B15: 900 | C15: TP-06 ("elsewhere" = Non-metro).
A17: 3. Thresholds
A18: Threshold | B18: Value | C18: Rule | D18: Note
A19: Minimum days booked before flight | B19: 7 | C19: TP-02 | D19: Below = Violation; exactly this value = Compliant. Approval exception not recorded (Assumption-based).
A20: Receipt required above (INR) | B20: 500 | C20: TP-09 | D20: Amount above this with no receipt = Violation; exactly this value = Compliant.
A21: Late if gap above (days) | B21: 15 | C21: TP-10 | D21: Gap = claim_submitted_date - trip_end_date, calendar days. trip_end_date treated as return date.
A22: Expired if gap above (days) | B22: 60 | C22: TP-10 | D22: Above this the TP-10 label is Expired; above Late threshold up to this is Late.
A24: 4. Labels used by the formulas (must match the text in the Claims sheet)
A25: Label | B25: Value
A26: Expense type: Flight | B26: Flight
A27: Expense type: Hotel | B27: Hotel
A28: Expense type: Meals/DA | B28: Meals/DA
A29: Expense type: Alcohol | B29: Alcohol
A30: City class: Metro | B30: Metro
A31: City class: Non-metro | B31: Non-metro
A32: Flight class: Business | B32: Business
A33: Receipt not attached | B33: No
A34: Business not permitted (flag in table 1) | B34: No
A35: Violation | B35: Violation
A36: Compliant | B36: Compliant
... A41: Basis: Assumption-based | B41: Assumption-based
A43: 5. Basis of each rule (claim Basis = Definite if any broken rule is Definite, otherwise Assumption-based)
A44: Rule ID | B44: Basis | C44: Note
A45: TP-01 | B45: =Lbl_Definite -> Definite | C45: Only M1-M3 Business is a violation.
A46: TP-02 | B46: =Lbl_Assumption -> Assumption-based | C46: Approved exception not recorded.
A47: TP-04 | B47: =Lbl_Assumption -> Assumption-based | C47: One claim = one night.
A48: TP-05 | B48: =Lbl_Assumption -> Assumption-based | C48: One claim = one night.
A49: TP-06 | B49: =Lbl_Assumption -> Assumption-based | C49: One claim = one day.
A50: TP-08 | B50: =Lbl_Definite -> Definite
A51: TP-09 | B51: =Lbl_Definite -> Definite
A52: TP-10 | B52: =Lbl_Definite -> Definite | C52: Per the specification.
A54: 6. Review note labels (Checker column W)
A55: Label | B55: Value
A56: Review note: hotel nights missing (TP-04/05) | B56: Needs nights
A57: Review note: meal days missing (TP-06) | B57: Needs days
A58: Review note: approval missing (TP-02) | B58: Needs approval

Sheet Checker
A1: Checker - one row per claim (formulas only; inputs on the Parameters sheet)
A2: Each rule column shows Violation, Compliant, or n/a (rule does not apply to that expense type). "Compliant" in Status means no violation among the 8 checked rules; the 7 Not checked rules are listed below the table.
I4: Rule basis: | J4: =INDEX(Rule_Basis,MATCH(J5,Rule_IDs,0)) -> Definite | K4: =INDEX(Rule_Basis,MATCH(K5,Rule_IDs,0)) -> Assumption-based | L4: =INDEX(Rule_Basis,MATCH(L5,Rule_IDs,0)) -> Assumption-based | M4: =INDEX(Rule_Basis,MATCH(M5,Rule_IDs,0)) -> Assumption-based | N4: =INDEX(Rule_Basis,MATCH(N5,Rule_IDs,0)) -> Assumption-based | O4: =INDEX(Rule_Basis,MATCH(O5,Rule_IDs,0)) -> Definite | P4: =INDEX(Rule_Basis,MATCH(P5,Rule_IDs,0)) -> Definite | Q4: =INDEX(Rule_Basis,MATCH(Q5,Rule_IDs,0)) -> Definite
A5: claim_id | B5: grade | C5: expense_type | D5: city_class | E5: amount_inr | F5: receipt_attached | G5: days_booked_before_flight | H5: flight_class | I5: gap_days | J5: =Parameters!$A$45 -> TP-01 | K5: =Parameters!$A$46 -> TP-02 | L5: =Parameters!$A$47 -> TP-04 | M5: =Parameters!$A$48 -> TP-05 | N5: =Parameters!$A$49 -> TP-06 | O5: =Parameters!$A$50 -> TP-08 | P5: =Parameters!$A$51 -> TP-09 | Q5: =Parameters!$A$52 -> TP-10 | R5: Status | S5: Rules broken | T5: TP-10 label | U5: Basis | V5: Min nights/days to comply | W5: Review note
A6: =Claims!A2 -> EXP00001 | B6: =Claims!D2 -> M3 | C6: =Claims!E2 -> Meals/DA | D6: =Claims!G2 -> Non-metro | E6: =Claims!H2 -> 1358 | F6: =Claims!K2 -> No | G6: =IF(Claims!M2="","",Claims!M2) | H6: =IF(Claims!N2="","",Claims!N2) | I6: =Claims!J2-Claims!I2 -> 2 | J6: =IF(C6=Lbl_Flight,IF(AND(H6=Lbl_Business,INDEX(Biz_Permitted,MATCH(B6,Caps_Grade,0))=Lbl_BizNo),Lbl_Viol,Lbl_Comp),Lbl_NA) -> n/a | K6: =IF(C6=Lbl_Flight,IF(G6<Min_Days_Booked,Lbl_Viol,Lbl_Comp),Lbl_NA) -> n/a | L6: =IF(AND(C6=Lbl_Hotel,D6=Lbl_Metro),IF(E6>INDEX(Caps_Metro,MATCH(B6,Caps_Grade,0)),Lbl_Viol,Lbl_Comp),Lbl_NA) -> n/a | M6: =IF(AND(C6=Lbl_Hotel,D6=Lbl_NonMetro),IF(E6>INDEX(Caps_NonMetro,MATCH(B6,Caps_Grade,0)),Lbl_Viol,Lbl_Comp),Lbl_NA) -> n/a | N6: =IF(C6=Lbl_Meals,IF(E6>IF(D6=Lbl_Metro,Limit_Metro,Limit_NonMetro),Lbl_Viol,Lbl_Comp),Lbl_NA) -> Violation | O6: =IF(C6=Lbl_Alcohol,Lbl_Viol,Lbl_NA) -> n/a | P6: =IF(AND(F6=Lbl_NoReceipt,E6>Receipt_Threshold),Lbl_Viol,Lbl_Comp) -> Violation | Q6: =IF(I6>Late_Days,Lbl_Viol,Lbl_Comp) -> Compliant | R6: =IF(COUNTIF(J6:Q6,Lbl_Viol)>0,Lbl_Viol,Lbl_Comp) -> Violation | S6: =_xlfn.TEXTJOIN(", ",TRUE(),IF(J6=Lbl_Viol,J$5,""),IF(K6=Lbl_Viol,K$5,""),IF(L6=Lbl_Viol,L$5,""),IF(M6=Lbl_Viol,M$5,""),IF(N6=Lbl_Viol,N$5,""),IF(O6=Lbl_Viol,O$5,""),IF(P6=Lbl_Viol,P$5,""),IF(Q6=Lbl_Viol,Q$5,"")) -> TP-06, TP-09 | T6: =IF(Q6=Lbl_Viol,IF(I6>Expired_Days,Lbl_Expired,Lbl_Late),"") | U6: =IF(R6=Lbl_Comp,"",IF(SUMPRODUCT((J6:Q6=Lbl_Viol)*(J$4:Q$4=Lbl_Definite))>0,Lbl_Definite,Lbl_Assumption)) -> Definite | V6: =IF(L6=Lbl_Viol,ROUNDUP(E6/INDEX(Caps_Metro,MATCH(B6,Caps_Grade,0)),0),IF(M6=Lbl_Viol,ROUNDUP(E6/INDEX(Caps_NonMetro,MATCH(B6,Caps_Grade,0)),0),IF(N6=Lbl_Viol,ROUNDUP(E6/IF(D6=Lbl_Metro,Limit_Metro,Limit_NonMetro),0),""))) -> 2 | W6: =IF(OR(L6=Lbl_Viol,M6=Lbl_Viol),Lbl_NeedNights,IF(N6=Lbl_Viol,Lbl_NeedDays,IF(K6=Lbl_Viol,Lbl_NeedApproval,""))) -> Needs days
A7: =Claims!A3 -> EXP00002 | B7: =Claims!D3 -> M1 | C7: =Claims!E3 -> Hotel | D7: =Claims!G3 -> Non-metro | E7: =Claims!H3 -> 8815 | F7: =Claims!K3 -> Yes | G7: =IF(Claims!M3="","",Claims!M3) | H7: =IF(Claims!N3="","",Claims!N3) | I7: =Claims!J3-Claims!I3 -> 5 | J7: =IF(C7=Lbl_Flight,IF(AND(H7=Lbl_Business,INDEX(Biz_Permitted,MATCH(B7,Caps_Grade,0))=Lbl_BizNo),Lbl_Viol,Lbl_Comp),Lbl_NA) -> n/a | K7: =IF(C7=Lbl_Flight,IF(G7<Min_Days_Booked,Lbl_Viol,Lbl_Comp),Lbl_NA) -> n/a | L7: =IF(AND(C7=Lbl_Hotel,D7=Lbl_Metro),IF(E7>INDEX(Caps_Metro,MATCH(B7,Caps_Grade,0)),Lbl_Viol,Lbl_Comp),Lbl_NA) -> n/a | M7: =IF(AND(C7=Lbl_Hotel,D7=Lbl_NonMetro),IF(E7>INDEX(Caps_NonMetro,MATCH(B7,Caps_Grade,0)),Lbl_Viol,Lbl_Comp),Lbl_NA) -> Violation | N7: =IF(C7=Lbl_Meals,IF(E7>IF(D7=Lbl_Metro,Limit_Metro,Limit_NonMetro),Lbl_Viol,Lbl_Comp),Lbl_NA) -> n/a | O7: =IF(C7=Lbl_Alcohol,Lbl_Viol,Lbl_NA) -> n/a | P7: =IF(AND(F7=Lbl_NoReceipt,E7>Receipt_Threshold),Lbl_Viol,Lbl_Comp) -> Compliant | Q7: =IF(I7>Late_Days,Lbl_Viol,Lbl_Comp) -> Compliant | R7: =IF(COUNTIF(J7:Q7,Lbl_Viol)>0,Lbl_Viol,Lbl_Comp) -> Violation | S7: =_xlfn.TEXTJOIN(", ",TRUE(),IF(J7=Lbl_Viol,J$5,""),IF(K7=Lbl_Viol,K$5,""),IF(L7=Lbl_Viol,L$5,""),IF(M7=Lbl_Viol,M$5,""),IF(N7=Lbl_Viol,N$5,""),IF(O7=Lbl_Viol,O$5,""),IF(P7=Lbl_Viol,P$5,""),IF(Q7=Lbl_Viol,Q$5,"")) -> TP-05 | T7: =IF(Q7=Lbl_Viol,IF(I7>Expired_Days,Lbl_Expired,Lbl_Late),"") | U7: =IF(R7=Lbl_Comp,"",IF(SUMPRODUCT((J7:Q7=Lbl_Viol)*(J$4:Q$4=Lbl_Definite))>0,Lbl_Definite,Lbl_Assumption)) -> Assumption-based | V7: =IF(L7=Lbl_Viol,ROUNDUP(E7/INDEX(Caps_Metro,MATCH(B7,Caps_Grade,0)),0),IF(M7=Lbl_Viol,ROUNDUP(E7/INDEX(Caps_NonMetro,MATCH(B7,Caps_Grade,0)),0),IF(N7=Lbl_Viol,ROUNDUP(E7/IF(D7=Lbl_Metro,Limit_Metro,Limit_NonMetro),0),""))) -> 2 | W7: =IF(OR(L7=Lbl_Viol,M7=Lbl_Viol),Lbl_NeedNights,IF(N7=Lbl_Viol,Lbl_NeedDays,IF(K7=Lbl_Viol,Lbl_NeedApproval,""))) -> Needs nights
A8: =Claims!A4 -> EXP00003 | B8: =Claims!D4 -> M2 | C8: =Claims!E4 -> Local Cab | D8: =Claims!G4 -> Metro | E8: =Claims!H4 -> 1354 | F8: =Claims!K4 -> No | G8: =IF(Claims!M4="","",Claims!M4) | H8: =IF(Claims!N4="","",Claims!N4) | I8: =Claims!J4-Claims!I4 -> 70 | J8: =IF(C8=Lbl_Flight,IF(AND(H8=Lbl_Business,INDEX(Biz_Permitted,MATCH(B8,Caps_Grade,0))=Lbl_BizNo),Lbl_Viol,Lbl_Comp),Lbl_NA) -> n/a | K8: =IF(C8=Lbl_Flight,IF(G8<Min_Days_Booked,Lbl_Viol,Lbl_Comp),Lbl_NA) -> n/a | L8: =IF(AND(C8=Lbl_Hotel,D8=Lbl_Metro),IF(E8>INDEX(Caps_Metro,MATCH(B8,Caps_Grade,0)),Lbl_Viol,Lbl_Comp),Lbl_NA) -> n/a | M8: =IF(AND(C8=Lbl_Hotel,D8=Lbl_NonMetro),IF(E8>INDEX(Caps_NonMetro,MATCH(B8,Caps_Grade,0)),Lbl_Viol,Lbl_Comp),Lbl_NA) -> n/a | N8: =IF(C8=Lbl_Meals,IF(E8>IF(D8=Lbl_Metro,Limit_Metro,Limit_NonMetro),Lbl_Viol,Lbl_Comp),Lbl_NA) -> n/a | O8: =IF(C8=Lbl_Alcohol,Lbl_Viol,Lbl_NA) -> n/a | P8: =IF(AND(F8=Lbl_NoReceipt,E8>Receipt_Threshold),Lbl_Viol,Lbl_Comp) -> Violation | Q8: =IF(I8>Late_Days,Lbl_Viol,Lbl_Comp) -> Violation | R8: =IF(COUNTIF(J8:Q8,Lbl_Viol)>0,Lbl_Viol,Lbl_Comp) -> Violation | S8: =_xlfn.TEXTJOIN(", ",TRUE(),IF(J8=Lbl_Viol,J$5,""),IF(K8=Lbl_Viol,K$5,""),IF(L8=Lbl_Viol,L$5,""),IF(M8=Lbl_Viol,M$5,""),IF(N8=Lbl_Viol,N$5,""),IF(O8=Lbl_Viol,O$5,""),IF(P8=Lbl_Viol,P$5,""),IF(Q8=Lbl_Viol,Q$5,"")) -> TP-09, TP-10 | T8: =IF(Q8=Lbl_Viol,IF(I8>Expired_Days,Lbl_Expired,Lbl_Late),"") -> Expired | U8: =IF(R8=Lbl_Comp,"",IF(SUMPRODUCT((J8:Q8=Lbl_Viol)*(J$4:Q$4=Lbl_Definite))>0,Lbl_Definite,Lbl_Assumption)) -> Definite | V8: =IF(L8=Lbl_Viol,ROUNDUP(E8/INDEX(Caps_Metro,MATCH(B8,Caps_Grade,0)),0),IF(M8=Lbl_Viol,ROUNDUP(E8/INDEX(Caps_NonMetro,MATCH(B8,Caps_Grade,0)),0),IF(N8=Lbl_Viol,ROUNDUP(E8/IF(D8=Lbl_Metro,Limit_Metro,Limit_NonMetro),0),""))) | W8: =IF(OR(L8=Lbl_Viol,M8=Lbl_Viol),Lbl_NeedNights,IF(N8=Lbl_Viol,Lbl_NeedDays,IF(K8=Lbl_Viol,Lbl_NeedApproval,"")))
A9: =Claims!A5 -> EXP00004 | B9: =Claims!D5 -> M1 | C9: =Claims!E5 -> Hotel | D9: =Claims!G5 -> Metro | E9: =Claims!H5 -> 8155 | F9: =Claims!K5 -> Yes | G9: =IF(Claims!M5="","",Claims!M5) | H9: =IF(Claims!N5="","",Claims!N5) | I9: =Claims!J5-Claims!I5 -> 9 | J9: =IF(C9=Lbl_Flight,IF(AND(H9=Lbl_Business,INDEX(Biz_Permitted,MATCH(B9,Caps_Grade,0))=Lbl_BizNo),Lbl_Viol,Lbl_Comp),Lbl_NA) -> n/a | K9: =IF(C9=Lbl_Flight,IF(G9<Min_Days_Booked,Lbl_Viol,Lbl_Comp),Lbl_NA) -> n/a | L9: =IF(AND(C9=Lbl_Hotel,D9=Lbl_Metro),IF(E9>INDEX(Caps_Metro,MATCH(B9,Caps_Grade,0)),Lbl_Viol,Lbl_Comp),Lbl_NA) -> Violation | M9: =IF(AND(C9=Lbl_Hotel,D9=Lbl_NonMetro),IF(E9>INDEX(Caps_NonMetro,MATCH(B9,Caps_Grade,0)),Lbl_Viol,Lbl_Comp),Lbl_NA) -> n/a | N9: =IF(C9=Lbl_Meals,IF(E9>IF(D9=Lbl_Metro,Limit_Metro,Limit_NonMetro),Lbl_Viol,Lbl_Comp),Lbl_NA) -> n/a | O9: =IF(C9=Lbl_Alcohol,Lbl_Viol,Lbl_NA) -> n/a | P9: =IF(AND(F9=Lbl_NoReceipt,E9>Receipt_Threshold),Lbl_Viol,Lbl_Comp) -> Compliant | Q9: =IF(I9>Late_Days,Lbl_Viol,Lbl_Comp) -> Compliant | R9: =IF(COUNTIF(J9:Q9,Lbl_Viol)>0,Lbl_Viol,Lbl_Comp) -> Violation | S9: =_xlfn.TEXTJOIN(", ",TRUE(),IF(J9=Lbl_Viol,J$5,""),IF(K9=Lbl_Viol,K$5,""),IF(L9=Lbl_Viol,L$5,""),IF(M9=Lbl_Viol,M$5,""),IF(N9=Lbl_Viol,N$5,""),IF(O9=Lbl_Viol,O$5,""),IF(P9=Lbl_Viol,P$5,""),IF(Q9=Lbl_Viol,Q$5,"")) -> TP-04 | T9: =IF(Q9=Lbl_Viol,IF(I9>Expired_Days,Lbl_Expired,Lbl_Late),"") | U9: =IF(R9=Lbl_Comp,"",IF(SUMPRODUCT((J9:Q9=Lbl_Viol)*(J$4:Q$4=Lbl_Definite))>0,Lbl_Definite,Lbl_Assumption)) -> Assumption-based | V9: =IF(L9=Lbl_Viol,ROUNDUP(E9/INDEX(Caps_Metro,MATCH(B9,Caps_Grade,0)),0),IF(M9=Lbl_Viol,ROUNDUP(E9/INDEX(Caps_NonMetro,MATCH(B9,Caps_Grade,0)),0),IF(N9=Lbl_Viol,ROUNDUP(E9/IF(D9=Lbl_Metro,Limit_Metro,Limit_NonMetro),0),""))) -> 2 | W9: =IF(OR(L9=Lbl_Viol,M9=Lbl_Viol),Lbl_NeedNights,IF(N9=Lbl_Viol,Lbl_NeedDays,IF(K9=Lbl_Viol,Lbl_NeedApproval,""))) -> Needs nights
A10: =Claims!A6 -> EXP00005 | B10: =Claims!D6 -> M5 | C10: =Claims!E6 -> Alcohol | D10: =Claims!G6 -> Metro | E10: =Claims!H6 -> 2069 | F10: =Claims!K6 -> Yes | G10: =IF(Claims!M6="","",Claims!M6) | H10: =IF(Claims!N6="","",Claims!N6) | I10: =Claims!J6-Claims!I6 -> 14 | J10: =IF(C10=Lbl_Flight,IF(AND(H10=Lbl_Business,INDEX(Biz_Permitted,MATCH(B10,Caps_Grade,0))=Lbl_BizNo),Lbl_Viol,Lbl_Comp),Lbl_NA) -> n/a | K10: =IF(C10=Lbl_Flight,IF(G10<Min_Days_Booked,Lbl_Viol,Lbl_Comp),Lbl_NA) -> n/a | L10: =IF(AND(C10=Lbl_Hotel,D10=Lbl_Metro),IF(E10>INDEX(Caps_Metro,MATCH(B10,Caps_Grade,0)),Lbl_Viol,Lbl_Comp),Lbl_NA) -> n/a | M10: =IF(AND(C10=Lbl_Hotel,D10=Lbl_NonMetro),IF(E10>INDEX(Caps_NonMetro,MATCH(B10,Caps_Grade,0)),Lbl_Viol,Lbl_Comp),Lbl_NA) -> n/a | N10: =IF(C10=Lbl_Meals,IF(E10>IF(D10=Lbl_Metro,Limit_Metro,Limit_NonMetro),Lbl_Viol,Lbl_Comp),Lbl_NA) -> n/a | O10: =IF(C10=Lbl_Alcohol,Lbl_Viol,Lbl_NA) -> Violation | P10: =IF(AND(F10=Lbl_NoReceipt,E10>Receipt_Threshold),Lbl_Viol,Lbl_Comp) -> Compliant | Q10: =IF(I10>Late_Days,Lbl_Viol,Lbl_Comp) -> Compliant | R10: =IF(COUNTIF(J10:Q10,Lbl_Viol)>0,Lbl_Viol,Lbl_Comp) -> Violation | S10: =_xlfn.TEXTJOIN(", ",TRUE(),IF(J10=Lbl_Viol,J$5,""),IF(K10=Lbl_Viol,K$5,""),IF(L10=Lbl_Viol,L$5,""),IF(M10=Lbl_Viol,M$5,""),IF(N10=Lbl_Viol,N$5,""),IF(O10=Lbl_Viol,O$5,""),IF(P10=Lbl_Viol,P$5,""),IF(Q10=Lbl_Viol,Q$5,"")) -> TP-08 | T10: =IF(Q10=Lbl_Viol,IF(I10>Expired_Days,Lbl_Expired,Lbl_Late),"") | U10: =IF(R10=Lbl_Comp,"",IF(SUMPRODUCT((J10:Q10=Lbl_Viol)*(J$4:Q$4=Lbl_Definite))>0,Lbl_Definite,Lbl_Assumption)) -> Definite | V10: =IF(L10=Lbl_Viol,ROUNDUP(E10/INDEX(Caps_Metro,MATCH(B10,Caps_Grade,0)),0),IF(M10=Lbl_Viol,ROUNDUP(E10/INDEX(Caps_NonMetro,MATCH(B10,Caps_Grade,0)),0),IF(N10=Lbl_Viol,ROUNDUP(E10/IF(D10=Lbl_Metro,Limit_Metro,Limit_NonMetro),0),""))) | W10: =IF(OR(L10=Lbl_Viol,M10=Lbl_Viol),Lbl_NeedNights,IF(N10=Lbl_Viol,Lbl_NeedDays,IF(K10=Lbl_Viol,Lbl_NeedApproval,"")))
A11: =Claims!A7 -> EXP00006 | B11: =Claims!D7 -> M3 | C11: =Claims!E7 -> Flight | D11: =Claims!G7 -> Non-metro | E11: =Claims!H7 -> 6289 | F11: =Claims!K7 -> Yes | G11: =IF(Claims!M7="","",Claims!M7) -> 3 | H11: =IF(Claims!N7="","",Claims!N7) -> Economy | I11: =Claims!J7-Claims!I7 -> 9 | J11: =IF(C11=Lbl_Flight,IF(AND(H11=Lbl_Business,INDEX(Biz_Permitted,MATCH(B11,Caps_Grade,0))=Lbl_BizNo),Lbl_Viol,Lbl_Comp),Lbl_NA) -> Compliant | K11: =IF(C11=Lbl_Flight,IF(G11<Min_Days_Booked,Lbl_Viol,Lbl_Comp),Lbl_NA) -> Violation | L11: =IF(AND(C11=Lbl_Hotel,D11=Lbl_Metro),IF(E11>INDEX(Caps_Metro,MATCH(B11,Caps_Grade,0)),Lbl_Viol,Lbl_Comp),Lbl_NA) -> n/a | M11: =IF(AND(C11=Lbl_Hotel,D11=Lbl_NonMetro),IF(E11>INDEX(Caps_NonMetro,MATCH(B11,Caps_Grade,0)),Lbl_Viol,Lbl_Comp),Lbl_NA) -> n/a | N11: =IF(C11=Lbl_Meals,IF(E11>IF(D11=Lbl_Metro,Limit_Metro,Limit_NonMetro),Lbl_Viol,Lbl_Comp),Lbl_NA) -> n/a | O11: =IF(C11=Lbl_Alcohol,Lbl_Viol,Lbl_NA) -> n/a | P11: =IF(AND(F11=Lbl_NoReceipt,E11>Receipt_Threshold),Lbl_Viol,Lbl_Comp) -> Compliant | Q11: =IF(I11>Late_Days,Lbl_Viol,Lbl_Comp) -> Compliant | R11: =IF(COUNTIF(J11:Q11,Lbl_Viol)>0,Lbl_Viol,Lbl_Comp) -> Violation | S11: =_xlfn.TEXTJOIN(", ",TRUE(),IF(J11=Lbl_Viol,J$5,""),IF(K11=Lbl_Viol,K$5,""),IF(L11=Lbl_Viol,L$5,""),IF(M11=Lbl_Viol,M$5,""),IF(N11=Lbl_Viol,N$5,""),IF(O11=Lbl_Viol,O$5,""),IF(P11=Lbl_Viol,P$5,""),IF(Q11=Lbl_Viol,Q$5,"")) -> TP-02 | T11: =IF(Q11=Lbl_Viol,IF(I11>Expired_Days,Lbl_Expired,Lbl_Late),"") | U11: =IF(R11=Lbl_Comp,"",IF(SUMPRODUCT((J11:Q11=Lbl_Viol)*(J$4:Q$4=Lbl_Definite))>0,Lbl_Definite,Lbl_Assumption)) -> Assumption-based | V11: =IF(L11=Lbl_Viol,ROUNDUP(E11/INDEX(Caps_Metro,MATCH(B11,Caps_Grade,0)),0),IF(M11=Lbl_Viol,ROUNDUP(E11/INDEX(Caps_NonMetro,MATCH(B11,Caps_Grade,0)),0),IF(N11=Lbl_Viol,ROUNDUP(E11/IF(D11=Lbl_Metro,Limit_Metro,Limit_NonMetro),0),""))) | W11: =IF(OR(L11=Lbl_Viol,M11=Lbl_Viol),Lbl_NeedNights,IF(N11=Lbl_Viol,Lbl_NeedDays,IF(K11=Lbl_Viol,Lbl_NeedApproval,""))) -> Needs approval
A12: =Claims!A8 -> EXP00007 | B12: =Claims!D8 -> M1 | C12: =Claims!E8 -> Stationery | D12: =Claims!G8 -> Non-metro | E12: =Claims!H8 -> 966 | F12: =Claims!K8 -> Yes | G12: =IF(Claims!M8="","",Claims!M8) | H12: =IF(Claims!N8="","",Claims!N8) | I12: =Claims!J8-Claims!I8 -> 2 | J12: =IF(C12=Lbl_Flight,IF(AND(H12=Lbl_Business,INDEX(Biz_Permitted,MATCH(B12,Caps_Grade,0))=Lbl_BizNo),Lbl_Viol,Lbl_Comp),Lbl_NA) -> n/a | K12: =IF(C12=Lbl_Flight,IF(G12<Min_Days_Booked,Lbl_Viol,Lbl_Comp),Lbl_NA) -> n/a | L12: =IF(AND(C12=Lbl_Hotel,D12=Lbl_Metro),IF(E12>INDEX(Caps_Metro,MATCH(B12,Caps_Grade,0)),Lbl_Viol,Lbl_Comp),Lbl_NA) -> n/a | M12: =IF(AND(C12=Lbl_Hotel,D12=Lbl_NonMetro),IF(E12>INDEX(Caps_NonMetro,MATCH(B12,Caps_Grade,0)),Lbl_Viol,Lbl_Comp),Lbl_NA) -> n/a | N12: =IF(C12=Lbl_Meals,IF(E12>IF(D12=Lbl_Metro,Limit_Metro,Limit_NonMetro),Lbl_Viol,Lbl_Comp),Lbl_NA) -> n/a | O12: =IF(C12=Lbl_Alcohol,Lbl_Viol,Lbl_NA) -> n/a | P12: =IF(AND(F12=Lbl_NoReceipt,E12>Receipt_Threshold),Lbl_Viol,Lbl_Comp) -> Compliant | Q12: =IF(I12>Late_Days,Lbl_Viol,Lbl_Comp) -> Compliant | R12: =IF(COUNTIF(J12:Q12,Lbl_Viol)>0,Lbl_Viol,Lbl_Comp) -> Compliant | S12: =_xlfn.TEXTJOIN(", ",TRUE(),IF(J12=Lbl_Viol,J$5,""),IF(K12=Lbl_Viol,K$5,""),IF(L12=Lbl_Viol,L$5,""),IF(M12=Lbl_Viol,M$5,""),IF(N12=Lbl_Viol,N$5,""),IF(O12=Lbl_Viol,O$5,""),IF(P12=Lbl_Viol,P$5,""),IF(Q12=Lbl_Viol,Q$5,"")) | T12: =IF(Q12=Lbl_Viol,IF(I12>Expired_Days,Lbl_Expired,Lbl_Late),"") | U12: =IF(R12=Lbl_Comp,"",IF(SUMPRODUCT((J12:Q12=Lbl_Viol)*(J$4:Q$4=Lbl_Definite))>0,Lbl_Definite,Lbl_Assumption)) | V12: =IF(L12=Lbl_Viol,ROUNDUP(E12/INDEX(Caps_Metro,MATCH(B12,Caps_Grade,0)),0),IF(M12=Lbl_Viol,ROUNDUP(E12/INDEX(Caps_NonMetro,MATCH(B12,Caps_Grade,0)),0),IF(N12=Lbl_Viol,ROUNDUP(E12/IF(D12=Lbl_Metro,Limit_Metro,Limit_NonMetro),0),""))) | W12: =IF(OR(L12=Lbl_Viol,M12=Lbl_Viol),Lbl_NeedNights,IF(N12=Lbl_Viol,Lbl_NeedDays,IF(K12=Lbl_Viol,Lbl_NeedApproval,"")))
A13: =Claims!A9 -> EXP00008 | B13: =Claims!D9 -> M2 | C13: =Claims!E9 -> Client Entertainment | D13: =Claims!G9 -> Metro | E13: =Claims!H9 -> 8867 | F13: =Claims!K9 -> Yes | G13: =IF(Claims!M9="","",Claims!M9) | H13: =IF(Claims!N9="","",Claims!N9) | I13: =Claims!J9-Claims!I9 -> 20 | J13: =IF(C13=Lbl_Flight,IF(AND(H13=Lbl_Business,INDEX(Biz_Permitted,MATCH(B13,Caps_Grade,0))=Lbl_BizNo),Lbl_Viol,Lbl_Comp),Lbl_NA) -> n/a | K13: =IF(C13=Lbl_Flight,IF(G13<Min_Days_Booked,Lbl_Viol,Lbl_Comp),Lbl_NA) -> n/a | L13: =IF(AND(C13=Lbl_Hotel,D13=Lbl_Metro),IF(E13>INDEX(Caps_Metro,MATCH(B13,Caps_Grade,0)),Lbl_Viol,Lbl_Comp),Lbl_NA) -> n/a | M13: =IF(AND(C13=Lbl_Hotel,D13=Lbl_NonMetro),IF(E13>INDEX(Caps_NonMetro,MATCH(B13,Caps_Grade,0)),Lbl_Viol,Lbl_Comp),Lbl_NA) -> n/a | N13: =IF(C13=Lbl_Meals,IF(E13>IF(D13=Lbl_Metro,Limit_Metro,Limit_NonMetro),Lbl_Viol,Lbl_Comp),Lbl_NA) -> n/a | O13: =IF(C13=Lbl_Alcohol,Lbl_Viol,Lbl_NA) -> n/a | P13: =IF(AND(F13=Lbl_NoReceipt,E13>Receipt_Threshold),Lbl_Viol,Lbl_Comp) -> Compliant | Q13: =IF(I13>Late_Days,Lbl_Viol,Lbl_Comp) -> Violation | R13: =IF(COUNTIF(J13:Q13,Lbl_Viol)>0,Lbl_Viol,Lbl_Comp) -> Violation | S13: =_xlfn.TEXTJOIN(", ",TRUE(),IF(J13=Lbl_Viol,J$5,""),IF(K13=Lbl_Viol,K$5,""),IF(L13=Lbl_Viol,L$5,""),IF(M13=Lbl_Viol,M$5,""),IF(N13=Lbl_Viol,N$5,""),IF(O13=Lbl_Viol,O$5,""),IF(P13=Lbl_Viol,P$5,""),IF(Q13=Lbl_Viol,Q$5,"")) -> TP-10 | T13: =IF(Q13=Lbl_Viol,IF(I13>Expired_Days,Lbl_Expired,Lbl_Late),"") -> Late | U13: =IF(R13=Lbl_Comp,"",IF(SUMPRODUCT((J13:Q13=Lbl_Viol)*(J$4:Q$4=Lbl_Definite))>0,Lbl_Definite,Lbl_Assumption)) -> Definite | V13: =IF(L13=Lbl_Viol,ROUNDUP(E13/INDEX(Caps_Metro,MATCH(B13,Caps_Grade,0)),0),IF(M13=Lbl_Viol,ROUNDUP(E13/INDEX(Caps_NonMetro,MATCH(B13,Caps_Grade,0)),0),IF(N13=Lbl_Viol,ROUNDUP(E13/IF(D13=Lbl_Metro,Limit_Metro,Limit_NonMetro),0),""))) | W13: =IF(OR(L13=Lbl_Viol,M13=Lbl_Viol),Lbl_NeedNights,IF(N13=Lbl_Viol,Lbl_NeedDays,IF(K13=Lbl_Viol,Lbl_NeedApproval,"")))
A14: =Claims!A10 -> EXP00009 | B14: =Claims!D10 -> M1 | C14: =Claims!E10 -> Hotel | D14: =Claims!G10 -> Non-metro | E14: =Claims!H10 -> 11611 | F14: =Claims!K10 -> Yes | G14: =IF(Claims!M10="","",Claims!M10) | H14: =IF(Claims!N10="","",Claims!N10) | I14: =Claims!J10-Claims!I10 -> 5 | J14: =IF(C14=Lbl_Flight,IF(AND(H14=Lbl_Business,INDEX(Biz_Permitted,MATCH(B14,Caps_Grade,0))=Lbl_BizNo),Lbl_Viol,Lbl_Comp),Lbl_NA) -> n/a | K14: =IF(C14=Lbl_Flight,IF(G14<Min_Days_Booked,Lbl_Viol,Lbl_Comp),Lbl_NA) -> n/a | L14: =IF(AND(C14=Lbl_Hotel,D14=Lbl_Metro),IF(E14>INDEX(Caps_Metro,MATCH(B14,Caps_Grade,0)),Lbl_Viol,Lbl_Comp),Lbl_NA) -> n/a | M14: =IF(AND(C14=Lbl_Hotel,D14=Lbl_NonMetro),IF(E14>INDEX(Caps_NonMetro,MATCH(B14,Caps_Grade,0)),Lbl_Viol,Lbl_Comp),Lbl_NA) -> Violation | N14: =IF(C14=Lbl_Meals,IF(E14>IF(D14=Lbl_Metro,Limit_Metro,Limit_NonMetro),Lbl_Viol,Lbl_Comp),Lbl_NA) -> n/a | O14: =IF(C14=Lbl_Alcohol,Lbl_Viol,Lbl_NA) -> n/a | P14: =IF(AND(F14=Lbl_NoReceipt,E14>Receipt_Threshold),Lbl_Viol,Lbl_Comp) -> Compliant | Q14: =IF(I14>Late_Days,Lbl_Viol,Lbl_Comp) -> Compliant | R14: =IF(COUNTIF(J14:Q14,Lbl_Viol)>0,Lbl_Viol,Lbl_Comp) -> Violation | S14: =_xlfn.TEXTJOIN(", ",TRUE(),IF(J14=Lbl_Viol,J$5,""),IF(K14=Lbl_Viol,K$5,""),IF(L14=Lbl_Viol,L$5,""),IF(M14=Lbl_Viol,M$5,""),IF(N14=Lbl_Viol,N$5,""),IF(O14=Lbl_Viol,O$5,""),IF(P14=Lbl_Viol,P$5,""),IF(Q14=Lbl_Viol,Q$5,"")) -> TP-05 | T14: =IF(Q14=Lbl_Viol,IF(I14>Expired_Days,Lbl_Expired,Lbl_Late),"") | U14: =IF(R14=Lbl_Comp,"",IF(SUMPRODUCT((J14:Q14=Lbl_Viol)*(J$4:Q$4=Lbl_Definite))>0,Lbl_Definite,Lbl_Assumption)) -> Assumption-based | V14: =IF(L14=Lbl_Viol,ROUNDUP(E14/INDEX(Caps_Metro,MATCH(B14,Caps_Grade,0)),0),IF(M14=Lbl_Viol,ROUNDUP(E14/INDEX(Caps_NonMetro,MATCH(B14,Caps_Grade,0)),0),IF(N14=Lbl_Viol,ROUNDUP(E14/IF(D14=Lbl_Metro,Limit_Metro,Limit_NonMetro),0),""))) -> 3 | W14: =IF(OR(L14=Lbl_Viol,M14=Lbl_Viol),Lbl_NeedNights,IF(N14=Lbl_Viol,Lbl_NeedDays,IF(K14=Lbl_Viol,Lbl_NeedApproval,""))) -> Needs nights
A15: =Claims!A11 -> EXP00010 | B15: =Claims!D11 -> M1 | C15: =Claims!E11 -> Client Entertainment | D15: =Claims!G11 -> Non-metro | E15: =Claims!H11 -> 7668 | F15: =Claims!K11 -> No | G15: =IF(Claims!M11="","",Claims!M11) | H15: =IF(Claims!N11="","",Claims!N11) | I15: =Claims!J11-Claims!I11 -> 5 | J15: =IF(C15=Lbl_Flight,IF(AND(H15=Lbl_Business,INDEX(Biz_Permitted,MATCH(B15,Caps_Grade,0))=Lbl_BizNo),Lbl_Viol,Lbl_Comp),Lbl_NA) -> n/a | K15: =IF(C15=Lbl_Flight,IF(G15<Min_Days_Booked,Lbl_Viol,Lbl_Comp),Lbl_NA) -> n/a | L15: =IF(AND(C15=Lbl_Hotel,D15=Lbl_Metro),IF(E15>INDEX(Caps_Metro,MATCH(B15,Caps_Grade,0)),Lbl_Viol,Lbl_Comp),Lbl_NA) -> n/a | M15: =IF(AND(C15=Lbl_Hotel,D15=Lbl_NonMetro),IF(E15>INDEX(Caps_NonMetro,MATCH(B15,Caps_Grade,0)),Lbl_Viol,Lbl_Comp),Lbl_NA) -> n/a | N15: =IF(C15=Lbl_Meals,IF(E15>IF(D15=Lbl_Metro,Limit_Metro,Limit_NonMetro),Lbl_Viol,Lbl_Comp),Lbl_NA) -> n/a | O15: =IF(C15=Lbl_Alcohol,Lbl_Viol,Lbl_NA) -> n/a | P15: =IF(AND(F15=Lbl_NoReceipt,E15>Receipt_Threshold),Lbl_Viol,Lbl_Comp) -> Violation | Q15: =IF(I15>Late_Days,Lbl_Viol,Lbl_Comp) -> Compliant | R15: =IF(COUNTIF(J15:Q15,Lbl_Viol)>0,Lbl_Viol,Lbl_Comp) -> Violation | S15: =_xlfn.TEXTJOIN(", ",TRUE(),IF(J15=Lbl_Viol,J$5,""),IF(K15=Lbl_Viol,K$5,""),IF(L15=Lbl_Viol,L$5,""),IF(M15=Lbl_Viol,M$5,""),IF(N15=Lbl_Viol,N$5,""),IF(O15=Lbl_Viol,O$5,""),IF(P15=Lbl_Viol,P$5,""),IF(Q15=Lbl_Viol,Q$5,"")) -> TP-09 | T15: =IF(Q15=Lbl_Viol,IF(I15>Expired_Days,Lbl_Expired,Lbl_Late),"") | U15: =IF(R15=Lbl_Comp,"",IF(SUMPRODUCT((J15:Q15=Lbl_Viol)*(J$4:Q$4=Lbl_Definite))>0,Lbl_Definite,Lbl_Assumption)) -> Definite | V15: =IF(L15=Lbl_Viol,ROUNDUP(E15/INDEX(Caps_Metro,MATCH(B15,Caps_Grade,0)),0),IF(M15=Lbl_Viol,ROUNDUP(E15/INDEX(Caps_NonMetro,MATCH(B15,Caps_Grade,0)),0),IF(N15=Lbl_Viol,ROUNDUP(E15/IF(D15=Lbl_Metro,Limit_Metro,Limit_NonMetro),0),""))) | W15: =IF(OR(L15=Lbl_Viol,M15=Lbl_Viol),Lbl_NeedNights,IF(N15=Lbl_Viol,Lbl_NeedDays,IF(K15=Lbl_Viol,Lbl_NeedApproval,"")))
A16: =Claims!A12 -> EXP00011 | B16: =Claims!D12 -> M2 | C16: =Claims!E12 -> Local Cab | D16: =Claims!G12 -> Non-metro | E16: =Claims!H12 -> 1061 | F16: =Claims!K12 -> Yes | G16: =IF(Claims!M12="","",Claims!M12) | H16: =IF(Claims!N12="","",Claims!N12) | I16: =Claims!J12-Claims!I12 -> 5 | J16: =IF(C16=Lbl_Flight,IF(AND(H16=Lbl_Business,INDEX(Biz_Permitted,MATCH(B16,Caps_Grade,0))=Lbl_BizNo),Lbl_Viol,Lbl_Comp),Lbl_NA) -> n/a | K16: =IF(C16=Lbl_Flight,IF(G16<Min_Days_Booked,Lbl_Viol,Lbl_Comp),Lbl_NA) -> n/a | L16: =IF(AND(C16=Lbl_Hotel,D16=Lbl_Metro),IF(E16>INDEX(Caps_Metro,MATCH(B16,Caps_Grade,0)),Lbl_Viol,Lbl_Comp),Lbl_NA) -> n/a | M16: =IF(AND(C16=Lbl_Hotel,D16=Lbl_NonMetro),IF(E16>INDEX(Caps_NonMetro,MATCH(B16,Caps_Grade,0)),Lbl_Viol,Lbl_Comp),Lbl_NA) -> n/a | N16: =IF(C16=Lbl_Meals,IF(E16>IF(D16=Lbl_Metro,Limit_Metro,Limit_NonMetro),Lbl_Viol,Lbl_Comp),Lbl_NA) -> n/a | O16: =IF(C16=Lbl_Alcohol,Lbl_Viol,Lbl_NA) -> n/a | P16: =IF(AND(F16=Lbl_NoReceipt,E16>Receipt_Threshold),Lbl_Viol,Lbl_Comp) -> Compliant | Q16: =IF(I16>Late_Days,Lbl_Viol,Lbl_Comp) -> Compliant | R16: =IF(COUNTIF(J16:Q16,Lbl_Viol)>0,Lbl_Viol,Lbl_Comp) -> Compliant | S16: =_xlfn.TEXTJOIN(", ",TRUE(),IF(J16=Lbl_Viol,J$5,""),IF(K16=Lbl_Viol,K$5,""),IF(L16=Lbl_Viol,L$5,""),IF(M16=Lbl_Viol,M$5,""),IF(N16=Lbl_Viol,N$5,""),IF(O16=Lbl_Viol,O$5,""),IF(P16=Lbl_Viol,P$5,""),IF(Q16=Lbl_Viol,Q$5,"")) | T16: =IF(Q16=Lbl_Viol,IF(I16>Expired_Days,Lbl_Expired,Lbl_Late),"") | U16: =IF(R16=Lbl_Comp,"",IF(SUMPRODUCT((J16:Q16=Lbl_Viol)*(J$4:Q$4=Lbl_Definite))>0,Lbl_Definite,Lbl_Assumption)) | V16: =IF(L16=Lbl_Viol,ROUNDUP(E16/INDEX(Caps_Metro,MATCH(B16,Caps_Grade,0)),0),IF(M16=Lbl_Viol,ROUNDUP(E16/INDEX(Caps_NonMetro,MATCH(B16,Caps_Grade,0)),0),IF(N16=Lbl_Viol,ROUNDUP(E16/IF(D16=Lbl_Metro,Limit_Metro,Limit_NonMetro),0),""))) | W16: =IF(OR(L16=Lbl_Viol,M16=Lbl_Viol),Lbl_NeedNights,IF(N16=Lbl_Viol,Lbl_NeedDays,IF(K16=Lbl_Viol,Lbl_NeedApproval,"")))
A17: =Claims!A13 -> EXP00012 | B17: =Claims!D13 -> M1 | C17: =Claims!E13 -> Meals/DA | D17: =Claims!G13 -> Metro | E17: =Claims!H13 -> 1189 | F17: =Claims!K13 -> Yes | G17: =IF(Claims!M13="","",Claims!M13) | H17: =IF(Claims!N13="","",Claims!N13) | I17: =Claims!J13-Claims!I13 -> 35 | J17: =IF(C17=Lbl_Flight,IF(AND(H17=Lbl_Business,INDEX(Biz_Permitted,MATCH(B17,Caps_Grade,0))=Lbl_BizNo),Lbl_Viol,Lbl_Comp),Lbl_NA) -> n/a | K17: =IF(C17=Lbl_Flight,IF(G17<Min_Days_Booked,Lbl_Viol,Lbl_Comp),Lbl_NA) -> n/a | L17: =IF(AND(C17=Lbl_Hotel,D17=Lbl_Metro),IF(E17>INDEX(Caps_Metro,MATCH(B17,Caps_Grade,0)),Lbl_Viol,Lbl_Comp),Lbl_NA) -> n/a | M17: =IF(AND(C17=Lbl_Hotel,D17=Lbl_NonMetro),IF(E17>INDEX(Caps_NonMetro,MATCH(B17,Caps_Grade,0)),Lbl_Viol,Lbl_Comp),Lbl_NA) -> n/a | N17: =IF(C17=Lbl_Meals,IF(E17>IF(D17=Lbl_Metro,Limit_Metro,Limit_NonMetro),Lbl_Viol,Lbl_Comp),Lbl_NA) -> Compliant | O17: =IF(C17=Lbl_Alcohol,Lbl_Viol,Lbl_NA) -> n/a | P17: =IF(AND(F17=Lbl_NoReceipt,E17>Receipt_Threshold),Lbl_Viol,Lbl_Comp) -> Compliant | Q17: =IF(I17>Late_Days,Lbl_Viol,Lbl_Comp) -> Violation | R17: =IF(COUNTIF(J17:Q17,Lbl_Viol)>0,Lbl_Viol,Lbl_Comp) -> Violation | S17: =_xlfn.TEXTJOIN(", ",TRUE(),IF(J17=Lbl_Viol,J$5,""),IF(K17=Lbl_Viol,K$5,""),IF(L17=Lbl_Viol,L$5,""),IF(M17=Lbl_Viol,M$5,""),IF(N17=Lbl_Viol,N$5,""),IF(O17=Lbl_Viol,O$5,""),IF(P17=Lbl_Viol,P$5,""),IF(Q17=Lbl_Viol,Q$5,"")) -> TP-10 | T17: =IF(Q17=Lbl_Viol,IF(I17>Expired_Days,Lbl_Expired,Lbl_Late),"") -> Late | U17: =IF(R17=Lbl_Comp,"",IF(SUMPRODUCT((J17:Q17=Lbl_Viol)*(J$4:Q$4=Lbl_Definite))>0,Lbl_Definite,Lbl_Assumption)) -> Definite | V17: =IF(L17=Lbl_Viol,ROUNDUP(E17/INDEX(Caps_Metro,MATCH(B17,Caps_Grade,0)),0),IF(M17=Lbl_Viol,ROUNDUP(E17/INDEX(Caps_NonMetro,MATCH(B17,Caps_Grade,0)),0),IF(N17=Lbl_Viol,ROUNDUP(E17/IF(D17=Lbl_Metro,Limit_Metro,Limit_NonMetro),0),""))) | W17: =IF(OR(L17=Lbl_Viol,M17=Lbl_Viol),Lbl_NeedNights,IF(N17=Lbl_Viol,Lbl_NeedDays,IF(K17=Lbl_Viol,Lbl_NeedApproval,"")))
... A405: =Claims!A401 -> EXP00400 | B405: =Claims!D401 -> M2 | C405: =Claims!E401 -> Meals/DA | D405: =Claims!G401 -> Metro | E405: =Claims!H401 -> 1339 | F405: =Claims!K401 -> Yes | G405: =IF(Claims!M401="","",Claims!M401) | H405: =IF(Claims!N401="","",Claims!N401) | I405: =Claims!J401-Claims!I401 -> 2 | J405: =IF(C405=Lbl_Flight,IF(AND(H405=Lbl_Business,INDEX(Biz_Permitted,MATCH(B405,Caps_Grade,0))=Lbl_BizNo),Lbl_Viol,Lbl_Comp),Lbl_NA) -> n/a | K405: =IF(C405=Lbl_Flight,IF(G405<Min_Days_Booked,Lbl_Viol,Lbl_Comp),Lbl_NA) -> n/a | L405: =IF(AND(C405=Lbl_Hotel,D405=Lbl_Metro),IF(E405>INDEX(Caps_Metro,MATCH(B405,Caps_Grade,0)),Lbl_Viol,Lbl_Comp),Lbl_NA) -> n/a | M405: =IF(AND(C405=Lbl_Hotel,D405=Lbl_NonMetro),IF(E405>INDEX(Caps_NonMetro,MATCH(B405,Caps_Grade,0)),Lbl_Viol,Lbl_Comp),Lbl_NA) -> n/a | N405: =IF(C405=Lbl_Meals,IF(E405>IF(D405=Lbl_Metro,Limit_Metro,Limit_NonMetro),Lbl_Viol,Lbl_Comp),Lbl_NA) -> Violation | O405: =IF(C405=Lbl_Alcohol,Lbl_Viol,Lbl_NA) -> n/a | P405: =IF(AND(F405=Lbl_NoReceipt,E405>Receipt_Threshold),Lbl_Viol,Lbl_Comp) -> Compliant | Q405: =IF(I405>Late_Days,Lbl_Viol,Lbl_Comp) -> Compliant | R405: =IF(COUNTIF(J405:Q405,Lbl_Viol)>0,Lbl_Viol,Lbl_Comp) -> Violation | S405: =_xlfn.TEXTJOIN(", ",TRUE(),IF(J405=Lbl_Viol,J$5,""),IF(K405=Lbl_Viol,K$5,""),IF(L405=Lbl_Viol,L$5,""),IF(M405=Lbl_Viol,M$5,""),IF(N405=Lbl_Viol,N$5,""),IF(O405=Lbl_Viol,O$5,""),IF(P405=Lbl_Viol,P$5,""),IF(Q405=Lbl_Viol,Q$5,"")) -> TP-06 | T405: =IF(Q405=Lbl_Viol,IF(I405>Expired_Days,Lbl_Expired,Lbl_Late),"") | U405: =IF(R405=Lbl_Comp,"",IF(SUMPRODUCT((J405:Q405=Lbl_Viol)*(J$4:Q$4=Lbl_Definite))>0,Lbl_Definite,Lbl_Assumption)) -> Assumption-based | V405: =IF(L405=Lbl_Viol,ROUNDUP(E405/INDEX(Caps_Metro,MATCH(B405,Caps_Grade,0)),0),IF(M405=Lbl_Viol,ROUNDUP(E405/INDEX(Caps_NonMetro,MATCH(B405,Caps_Grade,0)),0),IF(N405=Lbl_Viol,ROUNDUP(E405/IF(D405=Lbl_Metro,Limit_Metro,Limit_NonMetro),0),""))) -> 2 | W405: =IF(OR(L405=Lbl_Viol,M405=Lbl_Viol),Lbl_NeedNights,IF(N405=Lbl_Viol,Lbl_NeedDays,IF(K405=Lbl_Viol,Lbl_NeedApproval,""))) -> Needs days
A408: Rules not checked (7) - shown as Not checked, never as Compliant
A409: Rule ID | B409: Missing field(s) in the Claims data
A410: TP-03 | B410: Train class (AC 2-tier / AC 1st) is not in the data
A411: TP-07 | B411: Cab type (app cab, auto, self-drive) and prior approval are not in the data
A412: TP-11 | B412: International flag, business unit head / CFO approvals and departure date are not in the data
A413: TP-12 | B413: Personal days added to the trip and the business-only fare are not in the data
A414: TP-13 | B414: Approver fields and a trip ID / total trip cost are not in the data
A415: TP-14 | B415: Cancellation flag and cancellation reason are not in the data
A416: TP-15 | B416: Traveller / relationship (spouse or family member) is not in the data

Sheet Summary
A1: Summary - T06 expense claim checker (all figures are formulas reading the Checker sheet)
A2: A claim can break several rules, so rule counts add up to more than the number of flagged claims. "Compliant" means no violation among the 8 checked rules; the 7 Not checked rules are listed at the bottom.
A4: 1. Overall
A5: Measure | B5: Count | C5: Note
A6: Total claims | B6: =COUNTA(Checker!$A$6:$A$405) -> 400 | C6: Rows in the Checker
A7: Flagged claims (Violation) | B7: =COUNTIF(Checker!$R$6:$R$405,Lbl_Viol) -> 231 | C7: At least one checked rule broken
A8: Compliant claims | B8: =COUNTIF(Checker!$R$6:$R$405,Lbl_Comp) -> 169 | C8: No violation among the 8 checked rules
A9: % flagged | B9: =IF(B6=0,0,B7/B6) -> 0.5775 | C9: Flagged / total
A10: Reconciliation: flagged + compliant = total | B10: =IF(B7+B8=B6,"OK","CHECK") -> OK
A11: Claims breaking 2 or more rules | B11: =COUNTIF(Checker!$S$6:$S$405,"*,*") -> 46 | C11: Rules broken lists more than one rule ID
A12: Flagged claims, Basis = Definite | B12: =COUNTIF(Checker!$U$6:$U$405,Lbl_Definite) -> 139 | C12: Any broken rule is Definite
A13: Flagged claims, Basis = Assumption-based | B13: =COUNTIF(Checker!$U$6:$U$405,Lbl_Assumption) -> 92 | C13: Only Assumption-based rules broken
A14: TP-10 flagged as Late | B14: =COUNTIF(Checker!$T$6:$T$405,Lbl_Late) -> 63 | C14: Gap above the Late threshold, up to the Expired threshold
A15: TP-10 flagged as Expired | B15: =COUNTIF(Checker!$T$6:$T$405,Lbl_Expired) -> 15 | C15: Gap above the Expired threshold
A17: 2. Violations per rule
A18: Rule ID | B18: Basis | C18: Claims violating | D18: Claims the rule applies to | E18: % of applicable claims
A19: =Checker!J5 -> TP-01 | B19: =Checker!J4 -> Definite | C19: =COUNTIF(Checker!J$6:J$405,Lbl_Viol) -> 7 | D19: =COUNTIF(Checker!J$6:J$405,Lbl_Viol)+COUNTIF(Checker!J$6:J$405,Lbl_Comp) -> 58 | E19: =IF(D19=0,0,C19/D19) -> 0.12068966
A20: =Checker!K5 -> TP-02 | B20: =Checker!K4 -> Assumption-based | C20: =COUNTIF(Checker!K$6:K$405,Lbl_Viol) -> 18 | D20: =COUNTIF(Checker!K$6:K$405,Lbl_Viol)+COUNTIF(Checker!K$6:K$405,Lbl_Comp) -> 58 | E20: =IF(D20=0,0,C20/D20) -> 0.31034483
A21: =Checker!L5 -> TP-04 | B21: =Checker!L4 -> Assumption-based | C21: =COUNTIF(Checker!L$6:L$405,Lbl_Viol) -> 18 | D21: =COUNTIF(Checker!L$6:L$405,Lbl_Viol)+COUNTIF(Checker!L$6:L$405,Lbl_Comp) -> 36 | E21: =IF(D21=0,0,C21/D21) -> 0.5
A22: =Checker!M5 -> TP-05 | B22: =Checker!M4 -> Assumption-based | C22: =COUNTIF(Checker!M$6:M$405,Lbl_Viol) -> 31 | D22: =COUNTIF(Checker!M$6:M$405,Lbl_Viol)+COUNTIF(Checker!M$6:M$405,Lbl_Comp) -> 37 | E22: =IF(D22=0,0,C22/D22) -> 0.83783784
A23: =Checker!N5 -> TP-06 | B23: =Checker!N4 -> Assumption-based | C23: =COUNTIF(Checker!N$6:N$405,Lbl_Viol) -> 55 | D23: =COUNTIF(Checker!N$6:N$405,Lbl_Viol)+COUNTIF(Checker!N$6:N$405,Lbl_Comp) -> 83 | E23: =IF(D23=0,0,C23/D23) -> 0.6626506
A24: =Checker!O5 -> TP-08 | B24: =Checker!O4 -> Definite | C24: =COUNTIF(Checker!O$6:O$405,Lbl_Viol) -> 12 | D24: =COUNTIF(Checker!O$6:O$405,Lbl_Viol)+COUNTIF(Checker!O$6:O$405,Lbl_Comp) -> 12 | E24: =IF(D24=0,0,C24/D24) -> 1
A25: =Checker!P5 -> TP-09 | B25: =Checker!P4 -> Definite | C25: =COUNTIF(Checker!P$6:P$405,Lbl_Viol) -> 60 | D25: =COUNTIF(Checker!P$6:P$405,Lbl_Viol)+COUNTIF(Checker!P$6:P$405,Lbl_Comp) -> 400 | E25: =IF(D25=0,0,C25/D25) -> 0.15
A26: =Checker!Q5 -> TP-10 | B26: =Checker!Q4 -> Definite | C26: =COUNTIF(Checker!Q$6:Q$405,Lbl_Viol) -> 78 | D26: =COUNTIF(Checker!Q$6:Q$405,Lbl_Viol)+COUNTIF(Checker!Q$6:Q$405,Lbl_Comp) -> 400 | E26: =IF(D26=0,0,C26/D26) -> 0.195
A27: Total rule violations | C27: =SUM(C19:C26) -> 279
A29: 3. By expense_type (violation counts per rule in columns F-M)
A30: expense_type | B30: Claims | C30: Flagged | D30: Compliant | E30: % flagged | F30: =Checker!J5 -> TP-01 | G30: =Checker!K5 -> TP-02 | H30: =Checker!L5 -> TP-04 | I30: =Checker!M5 -> TP-05 | J30: =Checker!N5 -> TP-06 | K30: =Checker!O5 -> TP-08 | L30: =Checker!P5 -> TP-09 | M30: =Checker!Q5 -> TP-10
A31: =Lbl_Flight -> Flight | B31: =COUNTIF(Checker!$C$6:$C$405,$A31) -> 58 | C31: =COUNTIFS(Checker!$C$6:$C$405,$A31,Checker!$R$6:$R$405,Lbl_Viol) -> 36 | D31: =COUNTIFS(Checker!$C$6:$C$405,$A31,Checker!$R$6:$R$405,Lbl_Comp) -> 22 | E31: =IF(B31=0,0,C31/B31) -> 0.62068966 | F31: =COUNTIFS(Checker!$C$6:$C$405,$A31,Checker!J$6:J$405,Lbl_Viol) -> 7 | G31: =COUNTIFS(Checker!$C$6:$C$405,$A31,Checker!K$6:K$405,Lbl_Viol) -> 18 | H31: =COUNTIFS(Checker!$C$6:$C$405,$A31,Checker!L$6:L$405,Lbl_Viol) -> 0 | I31: =COUNTIFS(Checker!$C$6:$C$405,$A31,Checker!M$6:M$405,Lbl_Viol) -> 0 | J31: =COUNTIFS(Checker!$C$6:$C$405,$A31,Checker!N$6:N$405,Lbl_Viol) -> 0 | K31: =COUNTIFS(Checker!$C$6:$C$405,$A31,Checker!O$6:O$405,Lbl_Viol) -> 0 | L31: =COUNTIFS(Checker!$C$6:$C$405,$A31,Checker!P$6:P$405,Lbl_Viol) -> 9 | M31: =COUNTIFS(Checker!$C$6:$C$405,$A31,Checker!Q$6:Q$405,Lbl_Viol) -> 12
A32: =Lbl_Hotel -> Hotel | B32: =COUNTIF(Checker!$C$6:$C$405,$A32) -> 73 | C32: =COUNTIFS(Checker!$C$6:$C$405,$A32,Checker!$R$6:$R$405,Lbl_Viol) -> 61 | D32: =COUNTIFS(Checker!$C$6:$C$405,$A32,Checker!$R$6:$R$405,Lbl_Comp) -> 12 | E32: =IF(B32=0,0,C32/B32) -> 0.83561644 | F32: =COUNTIFS(Checker!$C$6:$C$405,$A32,Checker!J$6:J$405,Lbl_Viol) -> 0 | G32: =COUNTIFS(Checker!$C$6:$C$405,$A32,Checker!K$6:K$405,Lbl_Viol) -> 0 | H32: =COUNTIFS(Checker!$C$6:$C$405,$A32,Checker!L$6:L$405,Lbl_Viol) -> 18 | I32: =COUNTIFS(Checker!$C$6:$C$405,$A32,Checker!M$6:M$405,Lbl_Viol) -> 31 | J32: =COUNTIFS(Checker!$C$6:$C$405,$A32,Checker!N$6:N$405,Lbl_Viol) -> 0 | K32: =COUNTIFS(Checker!$C$6:$C$405,$A32,Checker!O$6:O$405,Lbl_Viol) -> 0 | L32: =COUNTIFS(Checker!$C$6:$C$405,$A32,Checker!P$6:P$405,Lbl_Viol) -> 10 | M32: =COUNTIFS(Checker!$C$6:$C$405,$A32,Checker!Q$6:Q$405,Lbl_Viol) -> 17
A33: =Lbl_Meals -> Meals/DA | B33: =COUNTIF(Checker!$C$6:$C$405,$A33) -> 83 | C33: =COUNTIFS(Checker!$C$6:$C$405,$A33,Checker!$R$6:$R$405,Lbl_Viol) -> 63 | D33: =COUNTIFS(Checker!$C$6:$C$405,$A33,Checker!$R$6:$R$405,Lbl_Comp) -> 20 | E33: =IF(B33=0,0,C33/B33) -> 0.75903614 | F33: =COUNTIFS(Checker!$C$6:$C$405,$A33,Checker!J$6:J$405,Lbl_Viol) -> 0 | G33: =COUNTIFS(Checker!$C$6:$C$405,$A33,Checker!K$6:K$405,Lbl_Viol) -> 0 | H33: =COUNTIFS(Checker!$C$6:$C$405,$A33,Checker!L$6:L$405,Lbl_Viol) -> 0 | I33: =COUNTIFS(Checker!$C$6:$C$405,$A33,Checker!M$6:M$405,Lbl_Viol) -> 0 | J33: =COUNTIFS(Checker!$C$6:$C$405,$A33,Checker!N$6:N$405,Lbl_Viol) -> 55 | K33: =COUNTIFS(Checker!$C$6:$C$405,$A33,Checker!O$6:O$405,Lbl_Viol) -> 0 | L33: =COUNTIFS(Checker!$C$6:$C$405,$A33,Checker!P$6:P$405,Lbl_Viol) -> 9 | M33: =COUNTIFS(Checker!$C$6:$C$405,$A33,Checker!Q$6:Q$405,Lbl_Viol) -> 10
A34: =Lbl_Alcohol -> Alcohol | B34: =COUNTIF(Checker!$C$6:$C$405,$A34) -> 12 | C34: =COUNTIFS(Checker!$C$6:$C$405,$A34,Checker!$R$6:$R$405,Lbl_Viol) -> 12 | D34: =COUNTIFS(Checker!$C$6:$C$405,$A34,Checker!$R$6:$R$405,Lbl_Comp) -> 0 | E34: =IF(B34=0,0,C34/B34) -> 1 | F34: =COUNTIFS(Checker!$C$6:$C$405,$A34,Checker!J$6:J$405,Lbl_Viol) -> 0 | G34: =COUNTIFS(Checker!$C$6:$C$405,$A34,Checker!K$6:K$405,Lbl_Viol) -> 0 | H34: =COUNTIFS(Checker!$C$6:$C$405,$A34,Checker!L$6:L$405,Lbl_Viol) -> 0 | I34: =COUNTIFS(Checker!$C$6:$C$405,$A34,Checker!M$6:M$405,Lbl_Viol) -> 0 | J34: =COUNTIFS(Checker!$C$6:$C$405,$A34,Checker!N$6:N$405,Lbl_Viol) -> 0 | K34: =COUNTIFS(Checker!$C$6:$C$405,$A34,Checker!O$6:O$405,Lbl_Viol) -> 12 | L34: =COUNTIFS(Checker!$C$6:$C$405,$A34,Checker!P$6:P$405,Lbl_Viol) -> 1 | M34: =COUNTIFS(Checker!$C$6:$C$405,$A34,Checker!Q$6:Q$405,Lbl_Viol) -> 1
A35: Local Cab | B35: =COUNTIF(Checker!$C$6:$C$405,$A35) -> 81 | C35: =COUNTIFS(Checker!$C$6:$C$405,$A35,Checker!$R$6:$R$405,Lbl_Viol) -> 29 | D35: =COUNTIFS(Checker!$C$6:$C$405,$A35,Checker!$R$6:$R$405,Lbl_Comp) -> 52 | E35: =IF(B35=0,0,C35/B35) -> 0.35802469 | F35: =COUNTIFS(Checker!$C$6:$C$405,$A35,Checker!J$6:J$405,Lbl_Viol) -> 0 | G35: =COUNTIFS(Checker!$C$6:$C$405,$A35,Checker!K$6:K$405,Lbl_Viol) -> 0 | H35: =COUNTIFS(Checker!$C$6:$C$405,$A35,Checker!L$6:L$405,Lbl_Viol) -> 0 | I35: =COUNTIFS(Checker!$C$6:$C$405,$A35,Checker!M$6:M$405,Lbl_Viol) -> 0 | J35: =COUNTIFS(Checker!$C$6:$C$405,$A35,Checker!N$6:N$405,Lbl_Viol) -> 0 | K35: =COUNTIFS(Checker!$C$6:$C$405,$A35,Checker!O$6:O$405,Lbl_Viol) -> 0 | L35: =COUNTIFS(Checker!$C$6:$C$405,$A35,Checker!P$6:P$405,Lbl_Viol) -> 17 | M35: =COUNTIFS(Checker!$C$6:$C$405,$A35,Checker!Q$6:Q$405,Lbl_Viol) -> 18
A36: Train | B36: =COUNTIF(Checker!$C$6:$C$405,$A36) -> 33 | C36: =COUNTIFS(Checker!$C$6:$C$405,$A36,Checker!$R$6:$R$405,Lbl_Viol) -> 11 | D36: =COUNTIFS(Checker!$C$6:$C$405,$A36,Checker!$R$6:$R$405,Lbl_Comp) -> 22 | E36: =IF(B36=0,0,C36/B36) -> 0.33333333 | F36: =COUNTIFS(Checker!$C$6:$C$405,$A36,Checker!J$6:J$405,Lbl_Viol) -> 0 | G36: =COUNTIFS(Checker!$C$6:$C$405,$A36,Checker!K$6:K$405,Lbl_Viol) -> 0 | H36: =COUNTIFS(Checker!$C$6:$C$405,$A36,Checker!L$6:L$405,Lbl_Viol) -> 0 | I36: =COUNTIFS(Checker!$C$6:$C$405,$A36,Checker!M$6:M$405,Lbl_Viol) -> 0 | J36: =COUNTIFS(Checker!$C$6:$C$405,$A36,Checker!N$6:N$405,Lbl_Viol) -> 0 | K36: =COUNTIFS(Checker!$C$6:$C$405,$A36,Checker!O$6:O$405,Lbl_Viol) -> 0 | L36: =COUNTIFS(Checker!$C$6:$C$405,$A36,Checker!P$6:P$405,Lbl_Viol) -> 5 | M36: =COUNTIFS(Checker!$C$6:$C$405,$A36,Checker!Q$6:Q$405,Lbl_Viol) -> 8
A37: Stationery | B37: =COUNTIF(Checker!$C$6:$C$405,$A37) -> 34 | C37: =COUNTIFS(Checker!$C$6:$C$405,$A37,Checker!$R$6:$R$405,Lbl_Viol) -> 8 | D37: =COUNTIFS(Checker!$C$6:$C$405,$A37,Checker!$R$6:$R$405,Lbl_Comp) -> 26 | E37: =IF(B37=0,0,C37/B37) -> 0.23529412 | F37: =COUNTIFS(Checker!$C$6:$C$405,$A37,Checker!J$6:J$405,Lbl_Viol) -> 0 | G37: =COUNTIFS(Checker!$C$6:$C$405,$A37,Checker!K$6:K$405,Lbl_Viol) -> 0 | H37: =COUNTIFS(Checker!$C$6:$C$405,$A37,Checker!L$6:L$405,Lbl_Viol) -> 0 | I37: =COUNTIFS(Checker!$C$6:$C$405,$A37,Checker!M$6:M$405,Lbl_Viol) -> 0 | J37: =COUNTIFS(Checker!$C$6:$C$405,$A37,Checker!N$6:N$405,Lbl_Viol) -> 0 | K37: =COUNTIFS(Checker!$C$6:$C$405,$A37,Checker!O$6:O$405,Lbl_Viol) -> 0 | L37: =COUNTIFS(Checker!$C$6:$C$405,$A37,Checker!P$6:P$405,Lbl_Viol) -> 2 | M37: =COUNTIFS(Checker!$C$6:$C$405,$A37,Checker!Q$6:Q$405,Lbl_Viol) -> 6
A38: Client Entertainment | B38: =COUNTIF(Checker!$C$6:$C$405,$A38) -> 26 | C38: =COUNTIFS(Checker!$C$6:$C$405,$A38,Checker!$R$6:$R$405,Lbl_Viol) -> 11 | D38: =COUNTIFS(Checker!$C$6:$C$405,$A38,Checker!$R$6:$R$405,Lbl_Comp) -> 15 | E38: =IF(B38=0,0,C38/B38) -> 0.42307692 | F38: =COUNTIFS(Checker!$C$6:$C$405,$A38,Checker!J$6:J$405,Lbl_Viol) -> 0 | G38: =COUNTIFS(Checker!$C$6:$C$405,$A38,Checker!K$6:K$405,Lbl_Viol) -> 0 | H38: =COUNTIFS(Checker!$C$6:$C$405,$A38,Checker!L$6:L$405,Lbl_Viol) -> 0 | I38: =COUNTIFS(Checker!$C$6:$C$405,$A38,Checker!M$6:M$405,Lbl_Viol) -> 0 | J38: =COUNTIFS(Checker!$C$6:$C$405,$A38,Checker!N$6:N$405,Lbl_Viol) -> 0 | K38: =COUNTIFS(Checker!$C$6:$C$405,$A38,Checker!O$6:O$405,Lbl_Viol) -> 0 | L38: =COUNTIFS(Checker!$C$6:$C$405,$A38,Checker!P$6:P$405,Lbl_Viol) -> 7 | M38: =COUNTIFS(Checker!$C$6:$C$405,$A38,Checker!Q$6:Q$405,Lbl_Viol) -> 6
A39: Total | B39: =SUM(B31:B38) -> 400 | C39: =SUM(C31:C38) -> 231 | D39: =SUM(D31:D38) -> 169 | E39: =IF(B39=0,0,C39/B39) -> 0.5775 | F39: =SUM(F31:F38) -> 7 | G39: =SUM(G31:G38) -> 18 | H39: =SUM(H31:H38) -> 18 | I39: =SUM(I31:I38) -> 31 | J39: =SUM(J31:J38) -> 55 | K39: =SUM(K31:K38) -> 12 | L39: =SUM(L31:L38) -> 60 | M39: =SUM(M31:M38) -> 78
A40: Check vs total claims | B40: =IF(B39=$B$6,"OK","CHECK - a value is missing from the list") -> OK
A42: 4. By grade (violation counts per rule in columns F-M)
A43: grade | B43: Claims | C43: Flagged | D43: Compliant | E43: % flagged | F43: =Checker!J5 -> TP-01 | G43: =Checker!K5 -> TP-02 | H43: =Checker!L5 -> TP-04 | I43: =Checker!M5 -> TP-05 | J43: =Checker!N5 -> TP-06 | K43: =Checker!O5 -> TP-08 | L43: =Checker!P5 -> TP-09 | M43: =Checker!Q5 -> TP-10
A44: =Parameters!A6 -> M1 | B44: =COUNTIF(Checker!$B$6:$B$405,$A44) -> 122 | C44: =COUNTIFS(Checker!$B$6:$B$405,$A44,Checker!$R$6:$R$405,Lbl_Viol) -> 77 | D44: =COUNTIFS(Checker!$B$6:$B$405,$A44,Checker!$R$6:$R$405,Lbl_Comp) -> 45 | E44: =IF(B44=0,0,C44/B44) -> 0.63114754 | F44: =COUNTIFS(Checker!$B$6:$B$405,$A44,Checker!J$6:J$405,Lbl_Viol) -> 5 | G44: =COUNTIFS(Checker!$B$6:$B$405,$A44,Checker!K$6:K$405,Lbl_Viol) -> 1 | H44: =COUNTIFS(Checker!$B$6:$B$405,$A44,Checker!L$6:L$405,Lbl_Viol) -> 9 | I44: =COUNTIFS(Checker!$B$6:$B$405,$A44,Checker!M$6:M$405,Lbl_Viol) -> 11 | J44: =COUNTIFS(Checker!$B$6:$B$405,$A44,Checker!N$6:N$405,Lbl_Viol) -> 20 | K44: =COUNTIFS(Checker!$B$6:$B$405,$A44,Checker!O$6:O$405,Lbl_Viol) -> 4 | L44: =COUNTIFS(Checker!$B$6:$B$405,$A44,Checker!P$6:P$405,Lbl_Viol) -> 23 | M44: =COUNTIFS(Checker!$B$6:$B$405,$A44,Checker!Q$6:Q$405,Lbl_Viol) -> 22
A45: =Parameters!A7 -> M2 | B45: =COUNTIF(Checker!$B$6:$B$405,$A45) -> 148 | C45: =COUNTIFS(Checker!$B$6:$B$405,$A45,Checker!$R$6:$R$405,Lbl_Viol) -> 80 | D45: =COUNTIFS(Checker!$B$6:$B$405,$A45,Checker!$R$6:$R$405,Lbl_Comp) -> 68 | E45: =IF(B45=0,0,C45/B45) -> 0.54054054 | F45: =COUNTIFS(Checker!$B$6:$B$405,$A45,Checker!J$6:J$405,Lbl_Viol) -> 1 | G45: =COUNTIFS(Checker!$B$6:$B$405,$A45,Checker!K$6:K$405,Lbl_Viol) -> 11 | H45: =COUNTIFS(Checker!$B$6:$B$405,$A45,Checker!L$6:L$405,Lbl_Viol) -> 5 | I45: =COUNTIFS(Checker!$B$6:$B$405,$A45,Checker!M$6:M$405,Lbl_Viol) -> 12 | J45: =COUNTIFS(Checker!$B$6:$B$405,$A45,Checker!N$6:N$405,Lbl_Viol) -> 18 | K45: =COUNTIFS(Checker!$B$6:$B$405,$A45,Checker!O$6:O$405,Lbl_Viol) -> 2 | L45: =COUNTIFS(Checker!$B$6:$B$405,$A45,Checker!P$6:P$405,Lbl_Viol) -> 19 | M45: =COUNTIFS(Checker!$B$6:$B$405,$A45,Checker!Q$6:Q$405,Lbl_Viol) -> 24
A46: =Parameters!A8 -> M3 | B46: =COUNTIF(Checker!$B$6:$B$405,$A46) -> 83 | C46: =COUNTIFS(Checker!$B$6:$B$405,$A46,Checker!$R$6:$R$405,Lbl_Viol) -> 50 | D46: =COUNTIFS(Checker!$B$6:$B$405,$A46,Checker!$R$6:$R$405,Lbl_Comp) -> 33 | E46: =IF(B46=0,0,C46/B46) -> 0.60240964 | F46: =COUNTIFS(Checker!$B$6:$B$405,$A46,Checker!J$6:J$405,Lbl_Viol) -> 1 | G46: =COUNTIFS(Checker!$B$6:$B$405,$A46,Checker!K$6:K$405,Lbl_Viol) -> 3 | H46: =COUNTIFS(Checker!$B$6:$B$405,$A46,Checker!L$6:L$405,Lbl_Viol) -> 3 | I46: =COUNTIFS(Checker!$B$6:$B$405,$A46,Checker!M$6:M$405,Lbl_Viol) -> 6 | J46: =COUNTIFS(Checker!$B$6:$B$405,$A46,Checker!N$6:N$405,Lbl_Viol) -> 12 | K46: =COUNTIFS(Checker!$B$6:$B$405,$A46,Checker!O$6:O$405,Lbl_Viol) -> 4 | L46: =COUNTIFS(Checker!$B$6:$B$405,$A46,Checker!P$6:P$405,Lbl_Viol) -> 10 | M46: =COUNTIFS(Checker!$B$6:$B$405,$A46,Checker!Q$6:Q$405,Lbl_Viol) -> 26
A47: =Parameters!A9 -> M4 | B47: =COUNTIF(Checker!$B$6:$B$405,$A47) -> 27 | C47: =COUNTIFS(Checker!$B$6:$B$405,$A47,Checker!$R$6:$R$405,Lbl_Viol) -> 13 | D47: =COUNTIFS(Checker!$B$6:$B$405,$A47,Checker!$R$6:$R$405,Lbl_Comp) -> 14 | E47: =IF(B47=0,0,C47/B47) -> 0.48148148 | F47: =COUNTIFS(Checker!$B$6:$B$405,$A47,Checker!J$6:J$405,Lbl_Viol) -> 0 | G47: =COUNTIFS(Checker!$B$6:$B$405,$A47,Checker!K$6:K$405,Lbl_Viol) -> 2 | H47: =COUNTIFS(Checker!$B$6:$B$405,$A47,Checker!L$6:L$405,Lbl_Viol) -> 0 | I47: =COUNTIFS(Checker!$B$6:$B$405,$A47,Checker!M$6:M$405,Lbl_Viol) -> 2 | J47: =COUNTIFS(Checker!$B$6:$B$405,$A47,Checker!N$6:N$405,Lbl_Viol) -> 2 | K47: =COUNTIFS(Checker!$B$6:$B$405,$A47,Checker!O$6:O$405,Lbl_Viol) -> 0 | L47: =COUNTIFS(Checker!$B$6:$B$405,$A47,Checker!P$6:P$405,Lbl_Viol) -> 6 | M47: =COUNTIFS(Checker!$B$6:$B$405,$A47,Checker!Q$6:Q$405,Lbl_Viol) -> 4
A48: =Parameters!A10 -> M5 | B48: =COUNTIF(Checker!$B$6:$B$405,$A48) -> 20 | C48: =COUNTIFS(Checker!$B$6:$B$405,$A48,Checker!$R$6:$R$405,Lbl_Viol) -> 11 | D48: =COUNTIFS(Checker!$B$6:$B$405,$A48,Checker!$R$6:$R$405,Lbl_Comp) -> 9 | E48: =IF(B48=0,0,C48/B48) -> 0.55 | F48: =COUNTIFS(Checker!$B$6:$B$405,$A48,Checker!J$6:J$405,Lbl_Viol) -> 0 | G48: =COUNTIFS(Checker!$B$6:$B$405,$A48,Checker!K$6:K$405,Lbl_Viol) -> 1 | H48: =COUNTIFS(Checker!$B$6:$B$405,$A48,Checker!L$6:L$405,Lbl_Viol) -> 1 | I48: =COUNTIFS(Checker!$B$6:$B$405,$A48,Checker!M$6:M$405,Lbl_Viol) -> 0 | J48: =COUNTIFS(Checker!$B$6:$B$405,$A48,Checker!N$6:N$405,Lbl_Viol) -> 3 | K48: =COUNTIFS(Checker!$B$6:$B$405,$A48,Checker!O$6:O$405,Lbl_Viol) -> 2 | L48: =COUNTIFS(Checker!$B$6:$B$405,$A48,Checker!P$6:P$405,Lbl_Viol) -> 2 | M48: =COUNTIFS(Checker!$B$6:$B$405,$A48,Checker!Q$6:Q$405,Lbl_Viol) -> 2
A49: Total | B49: =SUM(B44:B48) -> 400 | C49: =SUM(C44:C48) -> 231 | D49: =SUM(D44:D48) -> 169 | E49: =IF(B49=0,0,C49/B49) -> 0.5775 | F49: =SUM(F44:F48) -> 7 | G49: =SUM(G44:G48) -> 18 | H49: =SUM(H44:H48) -> 18 | I49: =SUM(I44:I48) -> 31 | J49: =SUM(J44:J48) -> 55 | K49: =SUM(K44:K48) -> 12 | L49: =SUM(L44:L48) -> 60 | M49: =SUM(M44:M48) -> 78
A50: Check vs total claims | B50: =IF(B49=$B$6,"OK","CHECK - a value is missing from the list") -> OK
A52: 5. Rules not checked (7) - never counted as Compliant or Violation
A53: Rule ID | B53: Missing field(s) in the Claims data
A54: =Checker!A410 -> TP-03 | B54: =Checker!B410 -> Train class (AC 2-tier / AC 1st) is not in the data
A55: =Checker!A411 -> TP-07 | B55: =Checker!B411 -> Cab type (app cab, auto, self-drive) and prior approval are not in the data
A56: =Checker!A412 -> TP-11 | B56: =Checker!B412 -> International flag, business unit head / CFO approvals and departure date are not in the data
A57: =Checker!A413 -> TP-12 | B57: =Checker!B413 -> Personal days added to the trip and the business-only fare are not in the data
A58: =Checker!A414 -> TP-13 | B58: =Checker!B414 -> Approver fields and a trip ID / total trip cost are not in the data
A59: =Checker!A415 -> TP-14 | B59: =Checker!B415 -> Cancellation flag and cancellation reason are not in the data
A60: =Checker!A416 -> TP-15 | B60: =Checker!B416 -> Traveller / relationship (spouse or family member) is not in the data
A62: 6. Rule flags that need missing data to confirm
A63: Measure | B63: Count | C63: Note
A64: Flags needing nights (TP-04, TP-05) | B64: =COUNTIF(Checker!$W$6:$W$405,Lbl_NeedNights) -> 49 | C64: Hotel nights are not recorded
A65: Flags needing days (TP-06) | B65: =COUNTIF(Checker!$W$6:$W$405,Lbl_NeedDays) -> 55 | C65: Meal days are not recorded
A66: Flags needing approval (TP-02) | B66: =COUNTIF(Checker!$W$6:$W$405,Lbl_NeedApproval) -> 18 | C66: Approved late-booking exception is not recorded
A67: Total rule flags needing missing data | B67: =SUM(B64:B66) -> 122 | C67: Sum of the three lines above
A68: % of all rule flags | B68: =IF(C27=0,0,B67/C27) -> 0.43727599 | C68: Share of total rule violations (section 2)
A69: Reconciliation: equals TP-02 + TP-04 + TP-05 + TP-06 flags | B69: =IF(B67=C20+C21+C22+C23,"OK","CHECK") -> OK | C69: Counts from section 2
A72: 7. Sensitivity: flags if each claim covered 1, 2 or 3 nights (hotel) or days (meals)
A73: Rule / group | B73: 1 | C73: 2 | D73: 3
A74: TP-04 Metro hotel | B74: =COUNTIFS(Checker!$L$6:$L$405,Lbl_Viol,Checker!$V$6:$V$405,">"&B$73) -> 18 | C74: =COUNTIFS(Checker!$L$6:$L$405,Lbl_Viol,Checker!$V$6:$V$405,">"&C$73) -> 1 | D74: =COUNTIFS(Checker!$L$6:$L$405,Lbl_Viol,Checker!$V$6:$V$405,">"&D$73) -> 0
A75: TP-05 Non-metro hotel | B75: =COUNTIFS(Checker!$M$6:$M$405,Lbl_Viol,Checker!$V$6:$V$405,">"&B$73) -> 31 | C75: =COUNTIFS(Checker!$M$6:$M$405,Lbl_Viol,Checker!$V$6:$V$405,">"&C$73) -> 18 | D75: =COUNTIFS(Checker!$M$6:$M$405,Lbl_Viol,Checker!$V$6:$V$405,">"&D$73) -> 12
A76: Hotel total | B76: =B74+B75 -> 49 | C76: =C74+C75 -> 19 | D76: =D74+D75 -> 12
A77: TP-06 Meals/DA, Metro | B77: =COUNTIFS(Checker!$N$6:$N$405,Lbl_Viol,Checker!$D$6:$D$405,Lbl_Metro,Checker!$V$6:$V$405,">"&B$73) -> 19 | C77: =COUNTIFS(Checker!$N$6:$N$405,Lbl_Viol,Checker!$D$6:$D$405,Lbl_Metro,Checker!$V$6:$V$405,">"&C$73) -> 0 | D77: =COUNTIFS(Checker!$N$6:$N$405,Lbl_Viol,Checker!$D$6:$D$405,Lbl_Metro,Checker!$V$6:$V$405,">"&D$73) -> 0
A78: TP-06 Meals/DA, Non-metro | B78: =COUNTIFS(Checker!$N$6:$N$405,Lbl_Viol,Checker!$D$6:$D$405,Lbl_NonMetro,Checker!$V$6:$V$405,">"&B$73) -> 36 | C78: =COUNTIFS(Checker!$N$6:$N$405,Lbl_Viol,Checker!$D$6:$D$405,Lbl_NonMetro,Checker!$V$6:$V$405,">"&C$73) -> 12 | D78: =COUNTIFS(Checker!$N$6:$N$405,Lbl_Viol,Checker!$D$6:$D$405,Lbl_NonMetro,Checker!$V$6:$V$405,">"&D$73) -> 0
A79: Meals/DA total | B79: =B77+B78 -> 55 | C79: =C77+C78 -> 12 | D79: =D77+D78 -> 0
A80: Check: x1 equals section 2 counts | B80: =IF(AND(B74=C21,B75=C22,B77+B78=C23),"OK","CHECK") -> OK
A81: A claim is flagged at x k when its amount is above the cap or limit multiplied by k, i.e. when its minimum nights/days to comply (Checker column V) is above k.

Sheet Analytics
A1: Analytics - flagged claims and value of flagged claims (formulas on the Checker)
A2: 'Value of flagged claims' is the sum of amount_inr of flagged claims. It is not a saving or a recoverable amount. In section 1 a claim that breaks several rules appears under each rule; sections 2-4 count each claim once.
A4: 1. By rule
A5: Rule ID | B5: Basis | C5: Flagged claims | D5: Value of flagged claims (INR) | E5: % of total claim value | F5: Average value per flagged claim (INR)
A6: =Checker!J5 -> TP-01 | B6: =Checker!J4 -> Definite | C6: =COUNTIF(Checker!$J$6:$J$405,Lbl_Viol) -> 7 | D6: =SUMIFS(Checker!$E$6:$E$405,Checker!$J$6:$J$405,Lbl_Viol) -> 91597 | E6: =IF($D$16=0,0,D6/$D$16) -> 0.04464838 | F6: =IF(C6=0,0,D6/C6) -> 13085.286
A7: =Checker!K5 -> TP-02 | B7: =Checker!K4 -> Assumption-based | C7: =COUNTIF(Checker!$K$6:$K$405,Lbl_Viol) -> 18 | D7: =SUMIFS(Checker!$E$6:$E$405,Checker!$K$6:$K$405,Lbl_Viol) -> 246418 | E7: =IF($D$16=0,0,D7/$D$16) -> 0.1201149 | F7: =IF(C7=0,0,D7/C7) -> 13689.889
A8: =Checker!L5 -> TP-04 | B8: =Checker!L4 -> Assumption-based | C8: =COUNTIF(Checker!$L$6:$L$405,Lbl_Viol) -> 18 | D8: =SUMIFS(Checker!$E$6:$E$405,Checker!$L$6:$L$405,Lbl_Viol) -> 221645 | E8: =IF($D$16=0,0,D8/$D$16) -> 0.10803946 | F8: =IF(C8=0,0,D8/C8) -> 12313.611
A9: =Checker!M5 -> TP-05 | B9: =Checker!M4 -> Assumption-based | C9: =COUNTIF(Checker!$M$6:$M$405,Lbl_Viol) -> 31 | D9: =SUMIFS(Checker!$E$6:$E$405,Checker!$M$6:$M$405,Lbl_Viol) -> 361286 | E9: =IF($D$16=0,0,D9/$D$16) -> 0.17610658 | F9: =IF(C9=0,0,D9/C9) -> 11654.387
A10: =Checker!N5 -> TP-06 | B10: =Checker!N4 -> Assumption-based | C10: =COUNTIF(Checker!$N$6:$N$405,Lbl_Viol) -> 55 | D10: =SUMIFS(Checker!$E$6:$E$405,Checker!$N$6:$N$405,Lbl_Viol) -> 88385 | E10: =IF($D$16=0,0,D10/$D$16) -> 0.043082711 | F10: =IF(C10=0,0,D10/C10) -> 1607
A11: =Checker!O5 -> TP-08 | B11: =Checker!O4 -> Definite | C11: =COUNTIF(Checker!$O$6:$O$405,Lbl_Viol) -> 12 | D11: =SUMIFS(Checker!$E$6:$E$405,Checker!$O$6:$O$405,Lbl_Viol) -> 42600 | E11: =IF($D$16=0,0,D11/$D$16) -> 0.020765101 | F11: =IF(C11=0,0,D11/C11) -> 3550
A12: =Checker!P5 -> TP-09 | B12: =Checker!P4 -> Definite | C12: =COUNTIF(Checker!$P$6:$P$405,Lbl_Viol) -> 60 | D12: =SUMIFS(Checker!$E$6:$E$405,Checker!$P$6:$P$405,Lbl_Viol) -> 339018 | E12: =IF($D$16=0,0,D12/$D$16) -> 0.16525219 | F12: =IF(C12=0,0,D12/C12) -> 5650.3
A13: =Checker!Q5 -> TP-10 | B13: =Checker!Q4 -> Definite | C13: =COUNTIF(Checker!$Q$6:$Q$405,Lbl_Viol) -> 78 | D13: =SUMIFS(Checker!$E$6:$E$405,Checker!$Q$6:$Q$405,Lbl_Viol) -> 421798 | E13: =IF($D$16=0,0,D13/$D$16) -> 0.20560278 | F13: =IF(C13=0,0,D13/C13) -> 5407.6667
A14: Sum of rules (a claim breaking several rules is counted under each) | C14: =SUM(C6:C13) -> 279 | D14: =SUM(D6:D13) -> 1812747
A15: Flagged claims, each claim once | C15: =COUNTIF(Checker!$R$6:$R$405,Lbl_Viol) -> 231 | D15: =SUMIFS(Checker!$E$6:$E$405,Checker!$R$6:$R$405,Lbl_Viol) -> 1453124 | E15: =IF($D$16=0,0,D15/$D$16) -> 0.70831613 | F15: =IF(C15=0,0,D15/C15) -> 6290.5801
A16: All claims | C16: =COUNTA(Checker!$A$6:$A$405) -> 400 | D16: =SUM(Checker!$E$6:$E$405) -> 2051519
A18: 2. By expense_type
A19: expense_type | B19: Claims | C19: Flagged claims | D19: Value of all claims (INR) | E19: Value of flagged claims (INR) | F19: % of value flagged
A20: =Summary!A31 -> Flight | B20: =COUNTIF(Checker!$C$6:$C$405,$A20) -> 58 | C20: =COUNTIFS(Checker!$C$6:$C$405,$A20,Checker!$R$6:$R$405,Lbl_Viol) -> 36 | D20: =SUMIFS(Checker!$E$6:$E$405,Checker!$C$6:$C$405,$A20) -> 707296 | E20: =SUMIFS(Checker!$E$6:$E$405,Checker!$C$6:$C$405,$A20,Checker!$R$6:$R$405,Lbl_Viol) -> 477298 | F20: =IF(D20=0,0,E20/D20) -> 0.67482073
A21: =Summary!A32 -> Hotel | B21: =COUNTIF(Checker!$C$6:$C$405,$A21) -> 73 | C21: =COUNTIFS(Checker!$C$6:$C$405,$A21,Checker!$R$6:$R$405,Lbl_Viol) -> 61 | D21: =SUMIFS(Checker!$E$6:$E$405,Checker!$C$6:$C$405,$A21) -> 705220 | E21: =SUMIFS(Checker!$E$6:$E$405,Checker!$C$6:$C$405,$A21,Checker!$R$6:$R$405,Lbl_Viol) -> 642875 | F21: =IF(D21=0,0,E21/D21) -> 0.91159496
A22: =Summary!A33 -> Meals/DA | B22: =COUNTIF(Checker!$C$6:$C$405,$A22) -> 83 | C22: =COUNTIFS(Checker!$C$6:$C$405,$A22,Checker!$R$6:$R$405,Lbl_Viol) -> 63 | D22: =SUMIFS(Checker!$E$6:$E$405,Checker!$C$6:$C$405,$A22) -> 111822 | E22: =SUMIFS(Checker!$E$6:$E$405,Checker!$C$6:$C$405,$A22,Checker!$R$6:$R$405,Lbl_Viol) -> 95212 | F22: =IF(D22=0,0,E22/D22) -> 0.85146036
A23: =Summary!A34 -> Alcohol | B23: =COUNTIF(Checker!$C$6:$C$405,$A23) -> 12 | C23: =COUNTIFS(Checker!$C$6:$C$405,$A23,Checker!$R$6:$R$405,Lbl_Viol) -> 12 | D23: =SUMIFS(Checker!$E$6:$E$405,Checker!$C$6:$C$405,$A23) -> 42600 | E23: =SUMIFS(Checker!$E$6:$E$405,Checker!$C$6:$C$405,$A23,Checker!$R$6:$R$405,Lbl_Viol) -> 42600 | F23: =IF(D23=0,0,E23/D23) -> 1
A24: =Summary!A35 -> Local Cab | B24: =COUNTIF(Checker!$C$6:$C$405,$A24) -> 81 | C24: =COUNTIFS(Checker!$C$6:$C$405,$A24,Checker!$R$6:$R$405,Lbl_Viol) -> 29 | D24: =SUMIFS(Checker!$E$6:$E$405,Checker!$C$6:$C$405,$A24) -> 94156 | E24: =SUMIFS(Checker!$E$6:$E$405,Checker!$C$6:$C$405,$A24,Checker!$R$6:$R$405,Lbl_Viol) -> 33823 | F24: =IF(D24=0,0,E24/D24) -> 0.35922299
A25: =Summary!A36 -> Train | B25: =COUNTIF(Checker!$C$6:$C$405,$A25) -> 33 | C25: =COUNTIFS(Checker!$C$6:$C$405,$A25,Checker!$R$6:$R$405,Lbl_Viol) -> 11 | D25: =SUMIFS(Checker!$E$6:$E$405,Checker!$C$6:$C$405,$A25) -> 81619 | E25: =SUMIFS(Checker!$E$6:$E$405,Checker!$C$6:$C$405,$A25,Checker!$R$6:$R$405,Lbl_Viol) -> 28449 | F25: =IF(D25=0,0,E25/D25) -> 0.34855855
A26: =Summary!A37 -> Stationery | B26: =COUNTIF(Checker!$C$6:$C$405,$A26) -> 34 | C26: =COUNTIFS(Checker!$C$6:$C$405,$A26,Checker!$R$6:$R$405,Lbl_Viol) -> 8 | D26: =SUMIFS(Checker!$E$6:$E$405,Checker!$C$6:$C$405,$A26) -> 27607 | E26: =SUMIFS(Checker!$E$6:$E$405,Checker!$C$6:$C$405,$A26,Checker!$R$6:$R$405,Lbl_Viol) -> 7280 | F26: =IF(D26=0,0,E26/D26) -> 0.26370124
A27: =Summary!A38 -> Client Entertainment | B27: =COUNTIF(Checker!$C$6:$C$405,$A27) -> 26 | C27: =COUNTIFS(Checker!$C$6:$C$405,$A27,Checker!$R$6:$R$405,Lbl_Viol) -> 11 | D27: =SUMIFS(Checker!$E$6:$E$405,Checker!$C$6:$C$405,$A27) -> 281199 | E27: =SUMIFS(Checker!$E$6:$E$405,Checker!$C$6:$C$405,$A27,Checker!$R$6:$R$405,Lbl_Viol) -> 125587 | F27: =IF(D27=0,0,E27/D27) -> 0.44661254
A28: Total | B28: =SUM(B20:B27) -> 400 | C28: =SUM(C20:C27) -> 231 | D28: =SUM(D20:D27) -> 2051519 | E28: =SUM(E20:E27) -> 1453124 | F28: =IF(D28=0,0,E28/D28) -> 0.70831613
A29: Check vs section 1 totals | B29: =IF(AND(B28=$C$16,C28=$C$15,E28=$D$15),"OK","CHECK") -> OK
A31: 3. By grade
A32: grade | B32: Claims | C32: Flagged claims | D32: Value of all claims (INR) | E32: Value of flagged claims (INR) | F32: % of value flagged
A33: =Summary!A44 -> M1 | B33: =COUNTIF(Checker!$B$6:$B$405,$A33) -> 122 | C33: =COUNTIFS(Checker!$B$6:$B$405,$A33,Checker!$R$6:$R$405,Lbl_Viol) -> 77 | D33: =SUMIFS(Checker!$E$6:$E$405,Checker!$B$6:$B$405,$A33) -> 605519 | E33: =SUMIFS(Checker!$E$6:$E$405,Checker!$B$6:$B$405,$A33,Checker!$R$6:$R$405,Lbl_Viol) -> 465409 | F33: =IF(D33=0,0,E33/D33) -> 0.76861172
A34: =Summary!A45 -> M2 | B34: =COUNTIF(Checker!$B$6:$B$405,$A34) -> 148 | C34: =COUNTIFS(Checker!$B$6:$B$405,$A34,Checker!$R$6:$R$405,Lbl_Viol) -> 80 | D34: =SUMIFS(Checker!$E$6:$E$405,Checker!$B$6:$B$405,$A34) -> 810441 | E34: =SUMIFS(Checker!$E$6:$E$405,Checker!$B$6:$B$405,$A34,Checker!$R$6:$R$405,Lbl_Viol) -> 541870 | F34: =IF(D34=0,0,E34/D34) -> 0.66861129
A35: =Summary!A46 -> M3 | B35: =COUNTIF(Checker!$B$6:$B$405,$A35) -> 83 | C35: =COUNTIFS(Checker!$B$6:$B$405,$A35,Checker!$R$6:$R$405,Lbl_Viol) -> 50 | D35: =SUMIFS(Checker!$E$6:$E$405,Checker!$B$6:$B$405,$A35) -> 390260 | E35: =SUMIFS(Checker!$E$6:$E$405,Checker!$B$6:$B$405,$A35,Checker!$R$6:$R$405,Lbl_Viol) -> 283007 | F35: =IF(D35=0,0,E35/D35) -> 0.72517552
A36: =Summary!A47 -> M4 | B36: =COUNTIF(Checker!$B$6:$B$405,$A36) -> 27 | C36: =COUNTIFS(Checker!$B$6:$B$405,$A36,Checker!$R$6:$R$405,Lbl_Viol) -> 13 | D36: =SUMIFS(Checker!$E$6:$E$405,Checker!$B$6:$B$405,$A36) -> 122206 | E36: =SUMIFS(Checker!$E$6:$E$405,Checker!$B$6:$B$405,$A36,Checker!$R$6:$R$405,Lbl_Viol) -> 79891 | F36: =IF(D36=0,0,E36/D36) -> 0.65374041
A37: =Summary!A48 -> M5 | B37: =COUNTIF(Checker!$B$6:$B$405,$A37) -> 20 | C37: =COUNTIFS(Checker!$B$6:$B$405,$A37,Checker!$R$6:$R$405,Lbl_Viol) -> 11 | D37: =SUMIFS(Checker!$E$6:$E$405,Checker!$B$6:$B$405,$A37) -> 123093 | E37: =SUMIFS(Checker!$E$6:$E$405,Checker!$B$6:$B$405,$A37,Checker!$R$6:$R$405,Lbl_Viol) -> 82947 | F37: =IF(D37=0,0,E37/D37) -> 0.67385635
A38: Total | B38: =SUM(B33:B37) -> 400 | C38: =SUM(C33:C37) -> 231 | D38: =SUM(D33:D37) -> 2051519 | E38: =SUM(E33:E37) -> 1453124 | F38: =IF(D38=0,0,E38/D38) -> 0.70831613
A39: Check vs section 1 totals | B39: =IF(AND(B38=$C$16,C38=$C$15,E38=$D$15),"OK","CHECK") -> OK
A41: 4. By city_class
A42: city_class | B42: Claims | C42: Flagged claims | D42: Value of all claims (INR) | E42: Value of flagged claims (INR) | F42: % of value flagged
A43: =Lbl_Metro -> Metro | B43: =COUNTIF(Checker!$D$6:$D$405,$A43) -> 193 | C43: =COUNTIFS(Checker!$D$6:$D$405,$A43,Checker!$R$6:$R$405,Lbl_Viol) -> 106 | D43: =SUMIFS(Checker!$E$6:$E$405,Checker!$D$6:$D$405,$A43) -> 966671 | E43: =SUMIFS(Checker!$E$6:$E$405,Checker!$D$6:$D$405,$A43,Checker!$R$6:$R$405,Lbl_Viol) -> 644453 | F43: =IF(D43=0,0,E43/D43) -> 0.66667253
A44: =Lbl_NonMetro -> Non-metro | B44: =COUNTIF(Checker!$D$6:$D$405,$A44) -> 207 | C44: =COUNTIFS(Checker!$D$6:$D$405,$A44,Checker!$R$6:$R$405,Lbl_Viol) -> 125 | D44: =SUMIFS(Checker!$E$6:$E$405,Checker!$D$6:$D$405,$A44) -> 1084848 | E44: =SUMIFS(Checker!$E$6:$E$405,Checker!$D$6:$D$405,$A44,Checker!$R$6:$R$405,Lbl_Viol) -> 808671 | F44: =IF(D44=0,0,E44/D44) -> 0.74542332
A45: Total | B45: =SUM(B43:B44) -> 400 | C45: =SUM(C43:C44) -> 231 | D45: =SUM(D43:D44) -> 2051519 | E45: =SUM(E43:E44) -> 1453124 | F45: =IF(D45=0,0,E45/D45) -> 0.70831613
A46: Check vs section 1 totals | B46: =IF(AND(B45=$C$16,C45=$C$15,E45=$D$15),"OK","CHECK") -> OK
A48: 5. Excess above the limit - Assumption-based (one claim = one night for hotels, one day for Meals/DA)
A49: Rule | B49: Basis | C49: Flagged claims | D49: Value of flagged claims (INR) | E49: Excess above limit (INR) | F49: Excess as % of flagged value | G49: Average excess per flagged claim (INR)
A50: TP-04 Metro hotel | B50: =Lbl_Assumption -> Assumption-based | C50: =C8 -> 18 | D50: =D8 -> 221645 | E50: =SUMPRODUCT((Checker!$L$6:$L$405=Lbl_Viol)*(Checker!$E$6:$E$405-SUMIFS(Parameters!$B$6:$B$10,Parameters!$A$6:$A$10,Checker!$B$6:$B$405))) -> 79645 | F50: =IF(D50=0,0,E50/D50) -> 0.35933587 | G50: =IF(C50=0,0,E50/C50) -> 4424.7222
A51: TP-05 Non-metro hotel | B51: =Lbl_Assumption -> Assumption-based | C51: =C9 -> 31 | D51: =D9 -> 361286 | E51: =SUMPRODUCT((Checker!$M$6:$M$405=Lbl_Viol)*(Checker!$E$6:$E$405-SUMIFS(Parameters!$C$6:$C$10,Parameters!$A$6:$A$10,Checker!$B$6:$B$405))) -> 200786 | F51: =IF(D51=0,0,E51/D51) -> 0.55575361 | G51: =IF(C51=0,0,E51/C51) -> 6476.9677
A52: TP-06 Meals/DA | B52: =Lbl_Assumption -> Assumption-based | C52: =C10 -> 55 | D52: =D10 -> 88385 | E52: =SUMPRODUCT((Checker!$N$6:$N$405=Lbl_Viol)*(Checker!$E$6:$E$405-((Checker!$D$6:$D$405=Lbl_Metro)*Limit_Metro+(Checker!$D$6:$D$405<>Lbl_Metro)*Limit_NonMetro))) -> 33185 | F52: =IF(D52=0,0,E52/D52) -> 0.37545964 | G52: =IF(C52=0,0,E52/C52) -> 603.36364
A53: Total TP-04 + TP-05 + TP-06 | B53: =Lbl_Assumption -> Assumption-based | C53: =SUM(C50:C52) -> 104 | D53: =SUM(D50:D52) -> 671316 | E53: =SUM(E50:E52) -> 313616 | F53: =IF(D53=0,0,E53/D53) -> 0.46716598 | G53: =IF(C53=0,0,E53/C53) -> 3015.5385
A54: Excess = amount_inr minus the hotel cap (grade, city class) or the daily limit, for flagged claims only. It rests on the one-night / one-day assumption; nights and days are not in the data.
A57: 6. Factual observations (no recommendations)
A58: ="1. "&C15&" of "&C16&" claims are flagged, with a value of flagged claims of Rs "&TEXT(D15,"#,##0")&" ("&TEXT(E15,"0.0%")&" of the Rs "&TEXT(D16,"#,##0")&" total claim value). Rule-level values in section 1 sum to Rs "&TEXT(D14,"#,##0")&" because claims that break more than one rule add "&(C14-C15)&" further rule flags." -> 1. 231 of 400 claims are flagged, with a value of flagged claims of Rs 14,53,124 (70.8% of the Rs 20,51,519 total claim value). Rule-level values in section 1 sum to Rs 18,12,747 because claims that break more than one rule add 48 further rule flags.
A59: ="2. By rule, "&IF(INDEX(A6:A13,MATCH(MAX(C6:C13),C6:C13,0))=INDEX(A6:A13,MATCH(MAX(D6:D13),D6:D13,0)),INDEX(A6:A13,MATCH(MAX(C6:C13),C6:C13,0))&" has both the most flagged claims ("&MAX(C6:C13)&") and the highest value of flagged claims (Rs "&TEXT(MAX(D6:D13),"#,##0")&").",INDEX(A6:A13,MATCH(MAX(C6:C13),C6:C13,0))&" has the most flagged claims ("&MAX(C6:C13)&") and "&INDEX(A6:A13,MATCH(MAX(D6:D13),D6:D13,0))&" has the highest value of flagged claims (Rs "&TEXT(MAX(D6:D13),"#,##0")&").") -> 2. By rule, TP-10 has both the most flagged claims (78) and the highest value of flagged claims (Rs 4,21,798).
A60: ="3. The audit of "&Audit!B67&" stratified flagged claims found "&Audit!C67&" True violations, "&Audit!D67&" False alarms and "&Audit!E67&" Cannot verify; "&SUM(Audit!E60:E63)&" of the "&Audit!E67&" Cannot verify results come from TP-02, TP-04, TP-05 and TP-06, whose flags number "&SUM(C7:C10)&" and whose flagged claims total Rs "&TEXT(SUM(D7:D10),"#,##0")&"." -> 3. The audit of 30 stratified flagged claims found 16 True violations, 0 False alarms and 14 Cannot verify; 14 of the 14 Cannot verify results come from TP-02, TP-04, TP-05 and TP-06, whose flags number 122 and whose flagged claims total Rs 9,17,734.
A61: ="4. Under the one-night / one-day assumption (Assumption-based), the amount above the limit is Rs "&TEXT(E53,"#,##0")&" across "&C53&" TP-04, TP-05 and TP-06 flags ("&TEXT(F53,"0.0%")&" of their flagged value); the audit could not verify "&SUM(Audit!E61:E63)&" of the "&SUM(Audit!B61:B63)&" audited flags from these rules (CV-NIGHTS "&Audit!F67&", CV-DAYS "&Audit!G67&")." -> 4. Under the one-night / one-day assumption (Assumption-based), the amount above the limit is Rs 3,13,616 across 104 TP-04, TP-05 and TP-06 flags (46.7% of their flagged value); the audit could not verify 11 of the 11 audited flags from these rules (CV-NIGHTS 7, CV-DAYS 4).
A62: ="5. By expense_type, "&INDEX($A$20:$A$27,MATCH(MAX($E$20:$E$27),$E$20:$E$27,0))&" has the highest value of flagged claims (Rs "&TEXT(MAX($E$20:$E$27),"#,##0")&"); by grade, "&INDEX($A$33:$A$37,MATCH(MAX($E$33:$E$37),$E$33:$E$37,0))&" (Rs "&TEXT(MAX($E$33:$E$37),"#,##0")&"). By city_class, "&TEXT(F43,"0.0%")&" of "&A43&" claim value and "&TEXT(F44,"0.0%")&" of "&A44&" claim value is flagged. The audit sampled by rule, so it does not test these splits." -> 5. By expense_type, Hotel has the highest value of flagged claims (Rs 6,42,875); by grade, M2 (Rs 5,41,870). By city_class, 66.7% of Metro claim value and 74.5% of Non-metro claim value is flagged. The audit sampled by rule, so it does not test these splits.

Sheet CFO_Summary
A1: CFO Summary - Expense claim policy checker (T06) | I1: Helper cells (not printed)
A2: =""&Summary!B6&" claims | "&COUNTA('Policy Rules'!A2:A16)&" policy rules, "&COUNTA(Checker!J5:Q5)&" checked | Source: Summary, Analytics and Audit sheets" -> 400 claims | 15 policy rules, 8 checked | Source: Summary, Analytics and Audit sheets
A4: ="The Checker flags "&Summary!B7&" of "&Summary!B6&" claims ("&TEXT(ROUND(Summary!B9,3),"0.0%")&"), worth Rs "&K30&" in claim value. The audit confirmed "&Audit!C67&" of "&(Audit!C67+Audit!D67)&" decided flags; a further "&Audit!E67&" of the "&Audit!B67&" audited flags could not be verified." -> The Checker flags 231 of 400 claims (57.8%), worth Rs 14,53,124 in claim value. The audit confirmed 16 of 16 decided flags; a further 14 of the 30 audited flags could not be verified.
A6: Claims | C6: Flagged claims | D6: Compliant | E6: Flagged share | F6: Value of flagged claims (Rs)
A7: =Summary!B6 -> 400 | C7: =Summary!B7 -> 231 | D7: =Summary!B8 -> 169 | E7: =Summary!B9 -> 0.5775 | F7: =K30 -> 14,53,124
A9: Top violation types, ranked by flagged claims (basis shown; value = value of flagged claims, not savings)
A10: Rank | B10: Rule | C10: Policy topic | D10: Flagged claims | E10: Value of flagged claims (Rs) | F10: Value rank | G10: Basis
A11: =ROWS($A$11:A11) -> 1 | B11: =INDEX(Analytics!$A$6:$A$13,$I$12) -> TP-10 | C11: =INDEX('Policy Rules'!$B$2:$B$16,MATCH(B11,'Policy Rules'!$A$2:$A$16,0)) -> Claim deadline | D11: =INDEX(Analytics!$C$6:$C$13,$I$12) -> 78 | E11: =INDEX(Analytics!$D$6:$D$13,$I$12) -> 421798 | F11: =RANK(E11,Analytics!$D$6:$D$13) -> 1 | G11: =INDEX(Analytics!$B$6:$B$13,$I$12) -> Definite | I11: Position | J11: Rank key
A12: =ROWS($A$11:A12) -> 2 | B12: =INDEX(Analytics!$A$6:$A$13,$I$13) -> TP-09 | C12: =INDEX('Policy Rules'!$B$2:$B$16,MATCH(B12,'Policy Rules'!$A$2:$A$16,0)) -> Receipts | D12: =INDEX(Analytics!$C$6:$C$13,$I$13) -> 60 | E12: =INDEX(Analytics!$D$6:$D$13,$I$13) -> 339018 | F12: =RANK(E12,Analytics!$D$6:$D$13) -> 3 | G12: =INDEX(Analytics!$B$6:$B$13,$I$13) -> Definite | I12: =MATCH(LARGE($J$12:$J$19,ROWS($A$12:A12)),$J$12:$J$19,0) -> 8 | J12: =Analytics!C6-ROWS(Analytics!$C$6:C6)/1000 -> 6.999
A13: =ROWS($A$11:A13) -> 3 | B13: =INDEX(Analytics!$A$6:$A$13,$I$14) -> TP-06 | C13: =INDEX('Policy Rules'!$B$2:$B$16,MATCH(B13,'Policy Rules'!$A$2:$A$16,0)) -> Daily allowance | D13: =INDEX(Analytics!$C$6:$C$13,$I$14) -> 55 | E13: =INDEX(Analytics!$D$6:$D$13,$I$14) -> 88385 | F13: =RANK(E13,Analytics!$D$6:$D$13) -> 7 | G13: =INDEX(Analytics!$B$6:$B$13,$I$14) -> Assumption-based | I13: =MATCH(LARGE($J$12:$J$19,ROWS($A$12:A13)),$J$12:$J$19,0) -> 7 | J13: =Analytics!C7-ROWS(Analytics!$C$6:C7)/1000 -> 17.998
A14: =ROWS($A$11:A14) -> 4 | B14: =INDEX(Analytics!$A$6:$A$13,$I$15) -> TP-05 | C14: =INDEX('Policy Rules'!$B$2:$B$16,MATCH(B14,'Policy Rules'!$A$2:$A$16,0)) -> Hotel limits - non-metro | D14: =INDEX(Analytics!$C$6:$C$13,$I$15) -> 31 | E14: =INDEX(Analytics!$D$6:$D$13,$I$15) -> 361286 | F14: =RANK(E14,Analytics!$D$6:$D$13) -> 2 | G14: =INDEX(Analytics!$B$6:$B$13,$I$15) -> Assumption-based | I14: =MATCH(LARGE($J$12:$J$19,ROWS($A$12:A14)),$J$12:$J$19,0) -> 5 | J14: =Analytics!C8-ROWS(Analytics!$C$6:C8)/1000 -> 17.997
A15: =ROWS($A$11:A15) -> 5 | B15: =INDEX(Analytics!$A$6:$A$13,$I$16) -> TP-02 | C15: =INDEX('Policy Rules'!$B$2:$B$16,MATCH(B15,'Policy Rules'!$A$2:$A$16,0)) -> Advance booking | D15: =INDEX(Analytics!$C$6:$C$13,$I$16) -> 18 | E15: =INDEX(Analytics!$D$6:$D$13,$I$16) -> 246418 | F15: =RANK(E15,Analytics!$D$6:$D$13) -> 4 | G15: =INDEX(Analytics!$B$6:$B$13,$I$16) -> Assumption-based | I15: =MATCH(LARGE($J$12:$J$19,ROWS($A$12:A15)),$J$12:$J$19,0) -> 4 | J15: =Analytics!C9-ROWS(Analytics!$C$6:C9)/1000 -> 30.996
A16: =ROWS($A$11:A16) -> 6 | B16: =INDEX(Analytics!$A$6:$A$13,$I$17) -> TP-04 | C16: =INDEX('Policy Rules'!$B$2:$B$16,MATCH(B16,'Policy Rules'!$A$2:$A$16,0)) -> Hotel limits - metro | D16: =INDEX(Analytics!$C$6:$C$13,$I$17) -> 18 | E16: =INDEX(Analytics!$D$6:$D$13,$I$17) -> 221645 | F16: =RANK(E16,Analytics!$D$6:$D$13) -> 5 | G16: =INDEX(Analytics!$B$6:$B$13,$I$17) -> Assumption-based | I16: =MATCH(LARGE($J$12:$J$19,ROWS($A$12:A16)),$J$12:$J$19,0) -> 2 | J16: =Analytics!C10-ROWS(Analytics!$C$6:C10)/1000 -> 54.995
A17: =ROWS($A$11:A17) -> 7 | B17: =INDEX(Analytics!$A$6:$A$13,$I$18) -> TP-08 | C17: =INDEX('Policy Rules'!$B$2:$B$16,MATCH(B17,'Policy Rules'!$A$2:$A$16,0)) -> Alcohol | D17: =INDEX(Analytics!$C$6:$C$13,$I$18) -> 12 | E17: =INDEX(Analytics!$D$6:$D$13,$I$18) -> 42600 | F17: =RANK(E17,Analytics!$D$6:$D$13) -> 8 | G17: =INDEX(Analytics!$B$6:$B$13,$I$18) -> Definite | I17: =MATCH(LARGE($J$12:$J$19,ROWS($A$12:A17)),$J$12:$J$19,0) -> 3 | J17: =Analytics!C11-ROWS(Analytics!$C$6:C11)/1000 -> 11.994
A18: =ROWS($A$11:A18) -> 8 | B18: =INDEX(Analytics!$A$6:$A$13,$I$19) -> TP-01 | C18: =INDEX('Policy Rules'!$B$2:$B$16,MATCH(B18,'Policy Rules'!$A$2:$A$16,0)) -> Air travel | D18: =INDEX(Analytics!$C$6:$C$13,$I$19) -> 7 | E18: =INDEX(Analytics!$D$6:$D$13,$I$19) -> 91597 | F18: =RANK(E18,Analytics!$D$6:$D$13) -> 6 | G18: =INDEX(Analytics!$B$6:$B$13,$I$19) -> Definite | I18: =MATCH(LARGE($J$12:$J$19,ROWS($A$12:A18)),$J$12:$J$19,0) -> 6 | J18: =Analytics!C12-ROWS(Analytics!$C$6:C12)/1000 -> 59.993
A19: ="A claim breaking several rules appears under each rule in this table; counted once, "&Summary!B7&" flagged claims are worth Rs "&K30&"." -> A claim breaking several rules appears under each rule in this table; counted once, 231 flagged claims are worth Rs 14,53,124. | I19: =MATCH(LARGE($J$12:$J$19,ROWS($A$12:A19)),$J$12:$J$19,0) -> 1 | J19: =Analytics!C13-ROWS(Analytics!$C$6:C13)/1000 -> 77.992
A21: ="Audit result: "&Audit!B67&" flagged claims audited, stratified by rule" -> Audit result: 30 flagged claims audited, stratified by rule
A22: True violation | C22: False alarm | D22: Cannot verify | E22: Reason codes: nights / days / approval | G22: Confirmed false-alarm rate | I22: TP-08 value | J22: =Analytics!D11 -> 42600 | K22: =IF(ROUND(J22,0)>=100000,INT(ROUND(J22,0)/100000)&","&TEXT(MOD(INT(ROUND(J22,0)/1000),100),"00")&","&TEXT(MOD(ROUND(J22,0),1000),"000"),TEXT(ROUND(J22,0),"#,##0")) -> 42,600
A23: =Audit!C67 -> 16 | C23: =Audit!D67 -> 0 | D23: =Audit!E67 -> 14 | E23: =Audit!F67&" / "&Audit!G67&" / "&Audit!H67 -> 7 / 4 / 3 | G23: =Audit!B69 -> 0 | I23: TP-09 value | J23: =Analytics!D12 -> 339018 | K23: =IF(ROUND(J23,0)>=100000,INT(ROUND(J23,0)/100000)&","&TEXT(MOD(INT(ROUND(J23,0)/1000),100),"00")&","&TEXT(MOD(ROUND(J23,0),1000),"000"),TEXT(ROUND(J23,0),"#,##0")) -> 3,39,018
A24: ="Possible false-alarm range: "&TEXT(Audit!B69,"0.0%")&" to "&TEXT(ROUND(Audit!B70,3),"0.0%")&" (Cannot-verify share "&TEXT(ROUND(Audit!B71,3),"0.0%")&"). The audit could not confirm or refute Assumption-based flags that need nights, days or approval." -> Possible false-alarm range: 0.0% to 46.7% (Cannot-verify share 46.7%). The audit could not confirm or refute Assumption-based flags that need nights, days or approval. | I24: TP-01 value | J24: =Analytics!D6 -> 91597 | K24: =IF(ROUND(J24,0)>=100000,INT(ROUND(J24,0)/100000)&","&TEXT(MOD(INT(ROUND(J24,0)/1000),100),"00")&","&TEXT(MOD(ROUND(J24,0),1000),"000"),TEXT(ROUND(J24,0),"#,##0")) -> 91,597
I25: TP-01/08/09 claims, once | J25: =SUMPRODUCT(--(((Checker!$J$6:$J$405=Lbl_Viol)+(Checker!$O$6:$O$405=Lbl_Viol)+(Checker!$P$6:$P$405=Lbl_Viol))>0)) -> 78
A26: Recommendation | I26: TP-01/08/09 value, once | J26: =SUMPRODUCT((((Checker!$J$6:$J$405=Lbl_Viol)+(Checker!$O$6:$O$405=Lbl_Viol)+(Checker!$P$6:$P$405=Lbl_Viol))>0)*Checker!$E$6:$E$405) -> 468885 | K26: =IF(ROUND(J26,0)>=100000,INT(ROUND(J26,0)/100000)&","&TEXT(MOD(INT(ROUND(J26,0)/1000),100),"00")&","&TEXT(MOD(ROUND(J26,0),1000),"000"),TEXT(ROUND(J26,0),"#,##0")) -> 4,68,885
A27: ="Enforce now the three Definite-basis rules the audit confirmed ("&Audit!C67&" of "&(Audit!C67+Audit!D67)&" decided flags): block alcohol claims (TP-08: "&Analytics!C11&" claims, Rs "&K22&"), require a receipt above Rs "&Receipt_Threshold&" (TP-09: "&Analytics!C12&" claims, Rs "&K23&") and flag Business class for grades M1 to M3 (TP-01: "&Analytics!C6&" claims, Rs "&K24&"); counted once, these are "&J25&" claims worth Rs "&K26&". For late submission (TP-10: "&Analytics!C13&" claims, the most frequent flag), apply the policy's own "&Expired_Days&"-day rejection to the "&J28&" claims over "&Expired_Days&" days (Rs "&K27&") and add a reminder before the "&Late_Days&"-day limit; this assumes trip_end_date is the return date. Before enforcing TP-02, 04, 05 and 06, add nights, days and late-booking approval fields to the claim form: "&Summary!B67&" of "&Summary!C27&" rule flags (claims worth Rs "&K29&") cannot be confirmed from today's data, and the audit could not verify any of the "&SUM(Audit!E60:E63)&" audited flags from these rules. Track success by re-running this Checker on new claims and watching the flagged share ("&TEXT(ROUND(Summary!B9,3),"0.0%")&" today). All figures are values of flagged claims, not savings." -> Enforce now the three Definite-basis rules the audit confirmed (16 of 16 decided flags): block alcohol claims (TP-08: 12 claims, Rs 42,600), require a receipt above Rs 500 (TP-09: 60 claims, Rs 3,39,018) and flag Business class for grades M1 to M3 (TP-01: 7 claims, Rs 91,597); counted once, these are 78 claims worth Rs 4,68,885. For late submission (TP-10: 78 claims, the most frequent flag), apply the policy's own 60-day rejection to the 15 claims over 60 days (Rs 1,01,153) and add a reminder before the 15-day limit; this assumes trip_end_date is the return date. Before enforcing TP-02, 04, 05 and 06, add nights, days and late-booking approval fields to the claim form: 122 of 279 rule flags (claims worth Rs 9,17,734) cannot be confirmed from today's data, and the audit could not verify any of the 14 audited flags from these rules. Track success by re-running this Checker on new claims and watching the flagged share (57.8% today). All figures are values of flagged claims, not savings. | I27: TP-10 over-limit value (Expired) | J27: =SUMIFS(Checker!$E$6:$E$405,Checker!$T$6:$T$405,Lbl_Expired) -> 101153 | K27: =IF(ROUND(J27,0)>=100000,INT(ROUND(J27,0)/100000)&","&TEXT(MOD(INT(ROUND(J27,0)/1000),100),"00")&","&TEXT(MOD(ROUND(J27,0),1000),"000"),TEXT(ROUND(J27,0),"#,##0")) -> 1,01,153
I28: TP-10 Expired claims | J28: =Summary!B15 -> 15
A29: Limits | I29: Value, TP-02/04/05/06 flags | J29: =SUM(Analytics!D7:D10) -> 917734 | K29: =IF(ROUND(J29,0)>=100000,INT(ROUND(J29,0)/100000)&","&TEXT(MOD(INT(ROUND(J29,0)/1000),100),"00")&","&TEXT(MOD(ROUND(J29,0),1000),"000"),TEXT(ROUND(J29,0),"#,##0")) -> 9,17,734
A30: ="- "&COUNTA(Summary!A54:A60)&" rules are not checked ("&_xlfn.TEXTJOIN(", ",TRUE(),Summary!A54:A60)&"): the data lacks the fields they need. ""Compliant"" means no violation among the "&COUNTA(Checker!J5:Q5)&" checked rules." -> - 7 rules are not checked (TP-03, TP-07, TP-11, TP-12, TP-13, TP-14, TP-15): the data lacks the fields they need. "Compliant" means no violation among the 8 checked rules. | I30: Value of flagged claims | J30: =Analytics!D15 -> 1453124 | K30: =IF(ROUND(J30,0)>=100000,INT(ROUND(J30,0)/100000)&","&TEXT(MOD(INT(ROUND(J30,0)/1000),100),"00")&","&TEXT(MOD(ROUND(J30,0),1000),"000"),TEXT(ROUND(J30,0),"#,##0")) -> 14,53,124
A31: ="- One-night / one-day assumption: each hotel (TP-04, TP-05) or Meals/DA (TP-06) claim is treated as one night or one day. It affects "&Analytics!C53&" flags and the Rs "&K31&" above the limit; nights and days are not in the data." -> - One-night / one-day assumption: each hotel (TP-04, TP-05) or Meals/DA (TP-06) claim is treated as one night or one day. It affects 104 flags and the Rs 3,13,616 above the limit; nights and days are not in the data. | I31: Excess TP-04/05/06 | J31: =Analytics!E53 -> 313616 | K31: =IF(ROUND(J31,0)>=100000,INT(ROUND(J31,0)/100000)&","&TEXT(MOD(INT(ROUND(J31,0)/1000),100),"00")&","&TEXT(MOD(ROUND(J31,0),1000),"000"),TEXT(ROUND(J31,0),"#,##0")) -> 3,13,616
A32: ="- Return-date assumption: trip_end_date is treated as the return date for TP-10; the "&Audit!C66&" audited TP-10 True violations depend on it." -> - Return-date assumption: trip_end_date is treated as the return date for TP-10; the 5 audited TP-10 True violations depend on it.
A33: ="- The audit measures false alarms only, not missed violations. It covers "&Audit!B67&" flagged claims chosen by rule ("&MIN(Audit!B59:B66)&" to "&MAX(Audit!B59:B66)&" per rule), so its rates are not proportional estimates for all "&Summary!B7&" flagged claims." -> - The audit measures false alarms only, not missed violations. It covers 30 flagged claims chosen by rule (3 to 5 per rule), so its rates are not proportional estimates for all 231 flagged claims.
A34: ="- All values are values of flagged claims, not savings. A claim that breaks several rules is counted under each rule in the table above." -> - All values are values of flagged claims, not savings. A claim that breaks several rules is counted under each rule in the table above.

Sheet Verification
A1: Verification - independent recount vs the Checker
A2: Independent counts read only the raw Claims sheet and Parameters (COUNTIFS / SUMPRODUCT); they use no Checker column. Checker counts read the Checker sheet. Difference = Independent - Checker.
A4: Rule ID / measure | B4: Independent count | C4: Checker count | D4: Difference | E4: Explanation
A5: =Parameters!$A$45 -> TP-01 | B5: =SUMPRODUCT((Claims!$E$2:$E$401=Lbl_Flight)*(Claims!$N$2:$N$401=Lbl_Business)*(COUNTIFS(Parameters!$A$6:$A$10,Claims!$D$2:$D$401,Parameters!$D$6:$D$10,Lbl_BizNo)>0)) -> 7 | C5: =COUNTIF(Checker!$J$6:$J$405,Lbl_Viol) -> 7 | D5: =B5-C5 -> 0 | E5: =IF(D5=0,"Match - COUNTIFS on Parameters grade table for Business-not-permitted grades, Flight rows with Business class","DIFFERENCE - COUNTIFS on Parameters grade table for Business-not-permitted grades, Flight rows with Business class; investigate") -> Match - COUNTIFS on Parameters grade table for Business-not-permitted grades, Flight rows with Business class
A6: =Parameters!$A$46 -> TP-02 | B6: =COUNTIFS(Claims!$E$2:$E$401,Lbl_Flight,Claims!$M$2:$M$401,"<"&Min_Days_Booked) -> 18 | C6: =COUNTIF(Checker!$K$6:$K$405,Lbl_Viol) -> 18 | D6: =B6-C6 -> 0 | E6: =IF(D6=0,"Match - COUNTIFS Flight rows with days_booked below the minimum","DIFFERENCE - COUNTIFS Flight rows with days_booked below the minimum; investigate") -> Match - COUNTIFS Flight rows with days_booked below the minimum
A7: =Parameters!$A$47 -> TP-04 | B7: =SUMPRODUCT((Claims!$E$2:$E$401=Lbl_Hotel)*(Claims!$G$2:$G$401=Lbl_Metro)*(Claims!$H$2:$H$401>SUMIFS(Parameters!$B$6:$B$10,Parameters!$A$6:$A$10,Claims!$D$2:$D$401))) -> 18 | C7: =COUNTIF(Checker!$L$6:$L$405,Lbl_Viol) -> 18 | D7: =B7-C7 -> 0 | E7: =IF(D7=0,"Match - SUMPRODUCT Metro Hotel rows with amount above the grade cap (SUMIFS on Parameters)","DIFFERENCE - SUMPRODUCT Metro Hotel rows with amount above the grade cap (SUMIFS on Parameters); investigate") -> Match - SUMPRODUCT Metro Hotel rows with amount above the grade cap (SUMIFS on Parameters)
A8: =Parameters!$A$48 -> TP-05 | B8: =SUMPRODUCT((Claims!$E$2:$E$401=Lbl_Hotel)*(Claims!$G$2:$G$401=Lbl_NonMetro)*(Claims!$H$2:$H$401>SUMIFS(Parameters!$C$6:$C$10,Parameters!$A$6:$A$10,Claims!$D$2:$D$401))) -> 31 | C8: =COUNTIF(Checker!$M$6:$M$405,Lbl_Viol) -> 31 | D8: =B8-C8 -> 0 | E8: =IF(D8=0,"Match - SUMPRODUCT Non-metro Hotel rows with amount above the grade cap (SUMIFS on Parameters)","DIFFERENCE - SUMPRODUCT Non-metro Hotel rows with amount above the grade cap (SUMIFS on Parameters); investigate") -> Match - SUMPRODUCT Non-metro Hotel rows with amount above the grade cap (SUMIFS on Parameters)
A9: =Parameters!$A$49 -> TP-06 | B9: =COUNTIFS(Claims!$E$2:$E$401,Lbl_Meals,Claims!$G$2:$G$401,Lbl_Metro,Claims!$H$2:$H$401,">"&Limit_Metro)+COUNTIFS(Claims!$E$2:$E$401,Lbl_Meals,Claims!$G$2:$G$401,Lbl_NonMetro,Claims!$H$2:$H$401,">"&Limit_NonMetro) -> 55 | C9: =COUNTIF(Checker!$N$6:$N$405,Lbl_Viol) -> 55 | D9: =B9-C9 -> 0 | E9: =IF(D9=0,"Match - COUNTIFS Meals/DA rows above the Metro and Non-metro daily limits","DIFFERENCE - COUNTIFS Meals/DA rows above the Metro and Non-metro daily limits; investigate") -> Match - COUNTIFS Meals/DA rows above the Metro and Non-metro daily limits
A10: =Parameters!$A$50 -> TP-08 | B10: =COUNTIF(Claims!$E$2:$E$401,Lbl_Alcohol) -> 12 | C10: =COUNTIF(Checker!$O$6:$O$405,Lbl_Viol) -> 12 | D10: =B10-C10 -> 0 | E10: =IF(D10=0,"Match - COUNTIF Alcohol rows","DIFFERENCE - COUNTIF Alcohol rows; investigate") -> Match - COUNTIF Alcohol rows
A11: =Parameters!$A$51 -> TP-09 | B11: =COUNTIFS(Claims!$K$2:$K$401,Lbl_NoReceipt,Claims!$H$2:$H$401,">"&Receipt_Threshold) -> 60 | C11: =COUNTIF(Checker!$P$6:$P$405,Lbl_Viol) -> 60 | D11: =B11-C11 -> 0 | E11: =IF(D11=0,"Match - COUNTIFS no receipt and amount above the threshold","DIFFERENCE - COUNTIFS no receipt and amount above the threshold; investigate") -> Match - COUNTIFS no receipt and amount above the threshold
A12: =Parameters!$A$52 -> TP-10 | B12: =SUMPRODUCT(--((Claims!$J$2:$J$401-Claims!$I$2:$I$401)>Late_Days)) -> 78 | C12: =COUNTIF(Checker!$Q$6:$Q$405,Lbl_Viol) -> 78 | D12: =B12-C12 -> 0 | E12: =IF(D12=0,"Match - SUMPRODUCT of (claim_submitted_date - trip_end_date) above the Late threshold","DIFFERENCE - SUMPRODUCT of (claim_submitted_date - trip_end_date) above the Late threshold; investigate") -> Match - SUMPRODUCT of (claim_submitted_date - trip_end_date) above the Late threshold
A13: TP-10 Late | B13: =SUMPRODUCT(((Claims!$J$2:$J$401-Claims!$I$2:$I$401)>Late_Days)*((Claims!$J$2:$J$401-Claims!$I$2:$I$401)<=Expired_Days)) -> 63 | C13: =COUNTIF(Checker!$T$6:$T$405,Lbl_Late) -> 63 | D13: =B13-C13 -> 0 | E13: =IF(D13=0,"Match - SUMPRODUCT gap above Late threshold and up to the Expired threshold","DIFFERENCE - SUMPRODUCT gap above Late threshold and up to the Expired threshold; investigate") -> Match - SUMPRODUCT gap above Late threshold and up to the Expired threshold
A14: TP-10 Expired | B14: =SUMPRODUCT(--((Claims!$J$2:$J$401-Claims!$I$2:$I$401)>Expired_Days)) -> 15 | C14: =COUNTIF(Checker!$T$6:$T$405,Lbl_Expired) -> 15 | D14: =B14-C14 -> 0 | E14: =IF(D14=0,"Match - SUMPRODUCT gap above the Expired threshold","DIFFERENCE - SUMPRODUCT gap above the Expired threshold; investigate") -> Match - SUMPRODUCT gap above the Expired threshold
A15: Total rule violations | B15: =SUM(B5:B12) -> 279 | C15: =SUM(C5:C12) -> 279 | D15: =B15-C15 -> 0 | E15: =IF(D15=0,"Match - Sum of the eight rule lines above","DIFFERENCE - Sum of the eight rule lines above; investigate") -> Match - Sum of the eight rule lines above
A16: Total claims | B16: =COUNTA(Claims!$A$2:$A$401) -> 400 | C16: =COUNTA(Checker!$A$6:$A$405) -> 400 | D16: =B16-C16 -> 0 | E16: =IF(D16=0,"Match - COUNTA of claim_id on Claims vs Checker rows","DIFFERENCE - COUNTA of claim_id on Claims vs Checker rows; investigate") -> Match - COUNTA of claim_id on Claims vs Checker rows
A17: Total flagged claims | B17: =SUMPRODUCT(--(((Claims!$E$2:$E$401=Lbl_Flight)*(Claims!$N$2:$N$401=Lbl_Business)*(COUNTIFS(Parameters!$A$6:$A$10,Claims!$D$2:$D$401,Parameters!$D$6:$D$10,Lbl_BizNo)>0)+(Claims!$E$2:$E$401=Lbl_Flight)*(Claims!$M$2:$M$401<Min_Days_Booked)+(Claims!$E$2:$E$401=Lbl_Hotel)*(Claims!$G$2:$G$401=Lbl_Metro)*(Claims!$H$2:$H$401>SUMIFS(Parameters!$B$6:$B$10,Parameters!$A$6:$A$10,Claims!$D$2:$D$401))+(Claims!$E$2:$E$401=Lbl_Hotel)*(Claims!$G$2:$G$401=Lbl_NonMetro)*(Claims!$H$2:$H$401>SUMIFS(Parameters!$C$6:$C$10,Parameters!$A$6:$A$10,Claims!$D$2:$D$401))+(Claims!$E$2:$E$401=Lbl_Meals)*(Claims!$H$2:$H$401>((Claims!$G$2:$G$401=Lbl_Metro)*Limit_Metro+(Claims!$G$2:$G$401<>Lbl_Metro)*Limit_NonMetro))+(Claims!$E$2:$E$401=Lbl_Alcohol)+(Claims!$K$2:$K$401=Lbl_NoReceipt)*(Claims!$H$2:$H$401>Receipt_Threshold)+((Claims!$J$2:$J$401-Claims!$I$2:$I$401)>Late_Days))>0)) -> 231 | C17: =COUNTIF(Checker!$R$6:$R$405,Lbl_Viol) -> 231 | D17: =B17-C17 -> 0 | E17: =IF(D17=0,"Match - SUMPRODUCT: claims with at least one of the eight rules broken, per claim","DIFFERENCE - SUMPRODUCT: claims with at least one of the eight rules broken, per claim; investigate") -> Match - SUMPRODUCT: claims with at least one of the eight rules broken, per claim
A18: Flagged, Definite basis | B18: =SUMPRODUCT(--(((Parameters!$B$45=Lbl_Definite)*(Claims!$E$2:$E$401=Lbl_Flight)*(Claims!$N$2:$N$401=Lbl_Business)*(COUNTIFS(Parameters!$A$6:$A$10,Claims!$D$2:$D$401,Parameters!$D$6:$D$10,Lbl_BizNo)>0)+(Parameters!$B$46=Lbl_Definite)*(Claims!$E$2:$E$401=Lbl_Flight)*(Claims!$M$2:$M$401<Min_Days_Booked)+(Parameters!$B$47=Lbl_Definite)*(Claims!$E$2:$E$401=Lbl_Hotel)*(Claims!$G$2:$G$401=Lbl_Metro)*(Claims!$H$2:$H$401>SUMIFS(Parameters!$B$6:$B$10,Parameters!$A$6:$A$10,Claims!$D$2:$D$401))+(Parameters!$B$48=Lbl_Definite)*(Claims!$E$2:$E$401=Lbl_Hotel)*(Claims!$G$2:$G$401=Lbl_NonMetro)*(Claims!$H$2:$H$401>SUMIFS(Parameters!$C$6:$C$10,Parameters!$A$6:$A$10,Claims!$D$2:$D$401))+(Parameters!$B$49=Lbl_Definite)*(Claims!$E$2:$E$401=Lbl_Meals)*(Claims!$H$2:$H$401>((Claims!$G$2:$G$401=Lbl_Metro)*Limit_Metro+(Claims!$G$2:$G$401<>Lbl_Metro)*Limit_NonMetro))+(Parameters!$B$50=Lbl_Definite)*(Claims!$E$2:$E$401=Lbl_Alcohol)+(Parameters!$B$51=Lbl_Definite)*(Claims!$K$2:$K$401=Lbl_NoReceipt)*(Claims!$H$2:$H$401>Receipt_Threshold)+(Parameters!$B$52=Lbl_Definite)*((Claims!$J$2:$J$401-Claims!$I$2:$I$401)>Late_Days))>0)) -> 139 | C18: =COUNTIF(Checker!$U$6:$U$405,Lbl_Definite) -> 139 | D18: =B18-C18 -> 0 | E18: =IF(D18=0,"Match - SUMPRODUCT: claims breaking at least one rule whose basis in Parameters is Definite","DIFFERENCE - SUMPRODUCT: claims breaking at least one rule whose basis in Parameters is Definite; investigate") -> Match - SUMPRODUCT: claims breaking at least one rule whose basis in Parameters is Definite
A19: Flagged, Assumption-based only | B19: =B17-B18 -> 92 | C19: =COUNTIF(Checker!$U$6:$U$405,Lbl_Assumption) -> 92 | D19: =B19-C19 -> 0 | E19: =IF(D19=0,"Match - Independent flagged total minus Definite-basis flagged","DIFFERENCE - Independent flagged total minus Definite-basis flagged; investigate") -> Match - Independent flagged total minus Definite-basis flagged
A20: Compliant claims | B20: =B16-B17 -> 169 | C20: =COUNTIF(Checker!$R$6:$R$405,Lbl_Comp) -> 169 | D20: =B20-C20 -> 0 | E20: =IF(D20=0,"Match - Independent total claims minus independent flagged","DIFFERENCE - Independent total claims minus independent flagged; investigate") -> Match - Independent total claims minus independent flagged
A22: Overall result
A23: =IF(SUMPRODUCT(--(D5:D20<>0))=0,"All "&ROWS(D5:D20)&" lines reconcile (difference 0).",SUMPRODUCT(--(D5:D20<>0))&" line(s) differ - see Explanation.") -> All 16 lines reconcile (difference 0).

Sheet Audit
A1: Audit - 30 flagged claims, stratified by rule (verdict columns are blank for your manual audit)
A2: Decide each verdict from the policy text and the claim fields BEFORE reading the Checker message in the last column. Verdict applies to the audited rule only. Claim IDs are stored values (seed recorded below); the other fields are lookups.
A4: No. | B4: Claim ID | C4: employee_id | D4: employee_name | E4: grade | F4: expense_type | G4: city | H4: city_class | I4: amount_inr | J4: trip_end_date | K4: claim_submitted_date | L4: receipt_attached | M4: purpose_note | N4: days_booked_before_flight | O4: flight_class | P4: Audited rule | Q4: Policy rule text (Policy Rules sheet) | R4: My verdict | S4: Reason code | T4: My reason | U4: Checker message
A5: 1 | B5: EXP00087 | C5: =INDEX(Claims!$B$2:$B$401,MATCH($B5,Claims!$A$2:$A$401,0)) -> EMP051 | D5: =INDEX(Claims!$C$2:$C$401,MATCH($B5,Claims!$A$2:$A$401,0)) -> Harsh Chatterjee | E5: =INDEX(Claims!$D$2:$D$401,MATCH($B5,Claims!$A$2:$A$401,0)) -> M2 | F5: =INDEX(Claims!$E$2:$E$401,MATCH($B5,Claims!$A$2:$A$401,0)) -> Flight | G5: =INDEX(Claims!$F$2:$F$401,MATCH($B5,Claims!$A$2:$A$401,0)) -> Delhi | H5: =INDEX(Claims!$G$2:$G$401,MATCH($B5,Claims!$A$2:$A$401,0)) -> Metro | I5: =INDEX(Claims!$H$2:$H$401,MATCH($B5,Claims!$A$2:$A$401,0)) -> 12710 | J5: =INDEX(Claims!$I$2:$I$401,MATCH($B5,Claims!$A$2:$A$401,0)) -> 45840 | K5: =INDEX(Claims!$J$2:$J$401,MATCH($B5,Claims!$A$2:$A$401,0)) -> 45845 | L5: =INDEX(Claims!$K$2:$K$401,MATCH($B5,Claims!$A$2:$A$401,0)) -> Yes | M5: =INDEX(Claims!$L$2:$L$401,MATCH($B5,Claims!$A$2:$A$401,0)) -> Team meeting | N5: =IF(INDEX(Claims!$M$2:$M$401,MATCH($B5,Claims!$A$2:$A$401,0))="","",INDEX(Claims!$M$2:$M$401,MATCH($B5,Claims!$A$2:$A$401,0))) -> 4 | O5: =IF(INDEX(Claims!$N$2:$N$401,MATCH($B5,Claims!$A$2:$A$401,0))="","",INDEX(Claims!$N$2:$N$401,MATCH($B5,Claims!$A$2:$A$401,0))) -> Business | P5: TP-01 | Q5: =INDEX('Policy Rules'!$C$2:$C$16,MATCH($P5,'Policy Rules'!$A$2:$A$16,0)) -> Economy class for all grades on flights under 4 hours. Grade M4 and above may fly business class on flights over 4 hours. | R5: True violation | S5: n/a | T5: M2 employee claimed Business class on this flight. TP-01 allows Business only for grade M4 and above on flights over 4 hours and requires Economy otherwise, so M2 has no Business entitlement whether the flight was under or over 4 hours; flight duration is not recorded but does not change the outcome. | U5: =INDEX(Checker!$R$6:$R$405,MATCH($B5,Checker!$A$6:$A$405,0))&": "&INDEX(Checker!$S$6:$S$405,MATCH($B5,Checker!$A$6:$A$405,0))&IF(INDEX(Checker!$T$6:$T$405,MATCH($B5,Checker!$A$6:$A$405,0))="",""," ("&INDEX(Checker!$T$6:$T$405,MATCH($B5,Checker!$A$6:$A$405,0))&")")&" | Basis: "&INDEX(Checker!$U$6:$U$405,MATCH($B5,Checker!$A$6:$A$405,0)) -> Violation: TP-01, TP-02 | Basis: Definite
A6: 2 | B6: EXP00143 | C6: =INDEX(Claims!$B$2:$B$401,MATCH($B6,Claims!$A$2:$A$401,0)) -> EMP041 | D6: =INDEX(Claims!$C$2:$C$401,MATCH($B6,Claims!$A$2:$A$401,0)) -> Zoya Khan | E6: =INDEX(Claims!$D$2:$D$401,MATCH($B6,Claims!$A$2:$A$401,0)) -> M3 | F6: =INDEX(Claims!$E$2:$E$401,MATCH($B6,Claims!$A$2:$A$401,0)) -> Flight | G6: =INDEX(Claims!$F$2:$F$401,MATCH($B6,Claims!$A$2:$A$401,0)) -> Indore | H6: =INDEX(Claims!$G$2:$G$401,MATCH($B6,Claims!$A$2:$A$401,0)) -> Non-metro | I6: =INDEX(Claims!$H$2:$H$401,MATCH($B6,Claims!$A$2:$A$401,0)) -> 18402 | J6: =INDEX(Claims!$I$2:$I$401,MATCH($B6,Claims!$A$2:$A$401,0)) -> 45841 | K6: =INDEX(Claims!$J$2:$J$401,MATCH($B6,Claims!$A$2:$A$401,0)) -> 45861 | L6: =INDEX(Claims!$K$2:$K$401,MATCH($B6,Claims!$A$2:$A$401,0)) -> Yes | M6: =INDEX(Claims!$L$2:$L$401,MATCH($B6,Claims!$A$2:$A$401,0)) -> Airport cab | N6: =IF(INDEX(Claims!$M$2:$M$401,MATCH($B6,Claims!$A$2:$A$401,0))="","",INDEX(Claims!$M$2:$M$401,MATCH($B6,Claims!$A$2:$A$401,0))) -> 11 | O6: =IF(INDEX(Claims!$N$2:$N$401,MATCH($B6,Claims!$A$2:$A$401,0))="","",INDEX(Claims!$N$2:$N$401,MATCH($B6,Claims!$A$2:$A$401,0))) -> Business | P6: TP-01 | Q6: =INDEX('Policy Rules'!$C$2:$C$16,MATCH($P6,'Policy Rules'!$A$2:$A$16,0)) -> Economy class for all grades on flights under 4 hours. Grade M4 and above may fly business class on flights over 4 hours. | R6: True violation | S6: n/a | T6: Business class claimed by grade M3 (Rs 18,402). The policy limits Business to M4+ on flights over 4 hours and requires Economy under 4 hours, so a M3 traveller is not entitled to Business on either duration; the missing duration does not affect the verdict. | U6: =INDEX(Checker!$R$6:$R$405,MATCH($B6,Checker!$A$6:$A$405,0))&": "&INDEX(Checker!$S$6:$S$405,MATCH($B6,Checker!$A$6:$A$405,0))&IF(INDEX(Checker!$T$6:$T$405,MATCH($B6,Checker!$A$6:$A$405,0))="",""," ("&INDEX(Checker!$T$6:$T$405,MATCH($B6,Checker!$A$6:$A$405,0))&")")&" | Basis: "&INDEX(Checker!$U$6:$U$405,MATCH($B6,Checker!$A$6:$A$405,0)) -> Violation: TP-01, TP-10 (Late) | Basis: Definite
A7: 3 | B7: EXP00273 | C7: =INDEX(Claims!$B$2:$B$401,MATCH($B7,Claims!$A$2:$A$401,0)) -> EMP022 | D7: =INDEX(Claims!$C$2:$C$401,MATCH($B7,Claims!$A$2:$A$401,0)) -> Fatima Mukherjee | E7: =INDEX(Claims!$D$2:$D$401,MATCH($B7,Claims!$A$2:$A$401,0)) -> M1 | F7: =INDEX(Claims!$E$2:$E$401,MATCH($B7,Claims!$A$2:$A$401,0)) -> Flight | G7: =INDEX(Claims!$F$2:$F$401,MATCH($B7,Claims!$A$2:$A$401,0)) -> Delhi | H7: =INDEX(Claims!$G$2:$G$401,MATCH($B7,Claims!$A$2:$A$401,0)) -> Metro | I7: =INDEX(Claims!$H$2:$H$401,MATCH($B7,Claims!$A$2:$A$401,0)) -> 5465 | J7: =INDEX(Claims!$I$2:$I$401,MATCH($B7,Claims!$A$2:$A$401,0)) -> 45908 | K7: =INDEX(Claims!$J$2:$J$401,MATCH($B7,Claims!$A$2:$A$401,0)) -> 45917 | L7: =INDEX(Claims!$K$2:$K$401,MATCH($B7,Claims!$A$2:$A$401,0)) -> Yes | M7: =INDEX(Claims!$L$2:$L$401,MATCH($B7,Claims!$A$2:$A$401,0)) -> Site visit | N7: =IF(INDEX(Claims!$M$2:$M$401,MATCH($B7,Claims!$A$2:$A$401,0))="","",INDEX(Claims!$M$2:$M$401,MATCH($B7,Claims!$A$2:$A$401,0))) -> 11 | O7: =IF(INDEX(Claims!$N$2:$N$401,MATCH($B7,Claims!$A$2:$A$401,0))="","",INDEX(Claims!$N$2:$N$401,MATCH($B7,Claims!$A$2:$A$401,0))) -> Business | P7: TP-01 | Q7: =INDEX('Policy Rules'!$C$2:$C$16,MATCH($P7,'Policy Rules'!$A$2:$A$16,0)) -> Economy class for all grades on flights under 4 hours. Grade M4 and above may fly business class on flights over 4 hours. | R7: True violation | S7: n/a | T7: Row shows flight_class = Business for grade M1. Under TP-01 Business is an exception reserved for grade M4 and above on flights over 4 hours, so it cannot be claimed by M1 regardless of duration. | U7: =INDEX(Checker!$R$6:$R$405,MATCH($B7,Checker!$A$6:$A$405,0))&": "&INDEX(Checker!$S$6:$S$405,MATCH($B7,Checker!$A$6:$A$405,0))&IF(INDEX(Checker!$T$6:$T$405,MATCH($B7,Checker!$A$6:$A$405,0))="",""," ("&INDEX(Checker!$T$6:$T$405,MATCH($B7,Checker!$A$6:$A$405,0))&")")&" | Basis: "&INDEX(Checker!$U$6:$U$405,MATCH($B7,Checker!$A$6:$A$405,0)) -> Violation: TP-01 | Basis: Definite
A8: 4 | B8: EXP00070 | C8: =INDEX(Claims!$B$2:$B$401,MATCH($B8,Claims!$A$2:$A$401,0)) -> EMP045 | D8: =INDEX(Claims!$C$2:$C$401,MATCH($B8,Claims!$A$2:$A$401,0)) -> Nisha Sharma | E8: =INDEX(Claims!$D$2:$D$401,MATCH($B8,Claims!$A$2:$A$401,0)) -> M4 | F8: =INDEX(Claims!$E$2:$E$401,MATCH($B8,Claims!$A$2:$A$401,0)) -> Flight | G8: =INDEX(Claims!$F$2:$F$401,MATCH($B8,Claims!$A$2:$A$401,0)) -> Bengaluru | H8: =INDEX(Claims!$G$2:$G$401,MATCH($B8,Claims!$A$2:$A$401,0)) -> Metro | I8: =INDEX(Claims!$H$2:$H$401,MATCH($B8,Claims!$A$2:$A$401,0)) -> 10011 | J8: =INDEX(Claims!$I$2:$I$401,MATCH($B8,Claims!$A$2:$A$401,0)) -> 45767 | K8: =INDEX(Claims!$J$2:$J$401,MATCH($B8,Claims!$A$2:$A$401,0)) -> 45769 | L8: =INDEX(Claims!$K$2:$K$401,MATCH($B8,Claims!$A$2:$A$401,0)) -> No | M8: =INDEX(Claims!$L$2:$L$401,MATCH($B8,Claims!$A$2:$A$401,0)) -> Flight booked | N8: =IF(INDEX(Claims!$M$2:$M$401,MATCH($B8,Claims!$A$2:$A$401,0))="","",INDEX(Claims!$M$2:$M$401,MATCH($B8,Claims!$A$2:$A$401,0))) -> 2 | O8: =IF(INDEX(Claims!$N$2:$N$401,MATCH($B8,Claims!$A$2:$A$401,0))="","",INDEX(Claims!$N$2:$N$401,MATCH($B8,Claims!$A$2:$A$401,0))) -> Economy | P8: TP-02 | Q8: =INDEX('Policy Rules'!$C$2:$C$16,MATCH($P8,'Policy Rules'!$A$2:$A$16,0)) -> Flights must be booked at least 7 days before travel; later bookings need a written reason approved by the department head. | R8: Cannot verify | S8: CV-APPROVAL | T8: Flight booked 2 days before travel, short of the 7-day minimum in TP-02. The rule allows later bookings with a written reason approved by the department head, and the row holds no approval information, so it cannot be established whether the exception applies. | U8: =INDEX(Checker!$R$6:$R$405,MATCH($B8,Checker!$A$6:$A$405,0))&": "&INDEX(Checker!$S$6:$S$405,MATCH($B8,Checker!$A$6:$A$405,0))&IF(INDEX(Checker!$T$6:$T$405,MATCH($B8,Checker!$A$6:$A$405,0))="",""," ("&INDEX(Checker!$T$6:$T$405,MATCH($B8,Checker!$A$6:$A$405,0))&")")&" | Basis: "&INDEX(Checker!$U$6:$U$405,MATCH($B8,Checker!$A$6:$A$405,0)) -> Violation: TP-02, TP-09 | Basis: Definite
A9: 5 | B9: EXP00106 | C9: =INDEX(Claims!$B$2:$B$401,MATCH($B9,Claims!$A$2:$A$401,0)) -> EMP033 | D9: =INDEX(Claims!$C$2:$C$401,MATCH($B9,Claims!$A$2:$A$401,0)) -> Deepika Desai | E9: =INDEX(Claims!$D$2:$D$401,MATCH($B9,Claims!$A$2:$A$401,0)) -> M2 | F9: =INDEX(Claims!$E$2:$E$401,MATCH($B9,Claims!$A$2:$A$401,0)) -> Flight | G9: =INDEX(Claims!$F$2:$F$401,MATCH($B9,Claims!$A$2:$A$401,0)) -> Delhi | H9: =INDEX(Claims!$G$2:$G$401,MATCH($B9,Claims!$A$2:$A$401,0)) -> Metro | I9: =INDEX(Claims!$H$2:$H$401,MATCH($B9,Claims!$A$2:$A$401,0)) -> 3662 | J9: =INDEX(Claims!$I$2:$I$401,MATCH($B9,Claims!$A$2:$A$401,0)) -> 45824 | K9: =INDEX(Claims!$J$2:$J$401,MATCH($B9,Claims!$A$2:$A$401,0)) -> 45844 | L9: =INDEX(Claims!$K$2:$K$401,MATCH($B9,Claims!$A$2:$A$401,0)) -> Yes | M9: =INDEX(Claims!$L$2:$L$401,MATCH($B9,Claims!$A$2:$A$401,0)) -> Client dinner | N9: =IF(INDEX(Claims!$M$2:$M$401,MATCH($B9,Claims!$A$2:$A$401,0))="","",INDEX(Claims!$M$2:$M$401,MATCH($B9,Claims!$A$2:$A$401,0))) -> 4 | O9: =IF(INDEX(Claims!$N$2:$N$401,MATCH($B9,Claims!$A$2:$A$401,0))="","",INDEX(Claims!$N$2:$N$401,MATCH($B9,Claims!$A$2:$A$401,0))) -> Economy | P9: TP-02 | Q9: =INDEX('Policy Rules'!$C$2:$C$16,MATCH($P9,'Policy Rules'!$A$2:$A$16,0)) -> Flights must be booked at least 7 days before travel; later bookings need a written reason approved by the department head. | R9: Cannot verify | S9: CV-APPROVAL | T9: Flight booked 4 days before travel, short of the 7-day minimum in TP-02. The rule allows later bookings with a written reason approved by the department head, and the row holds no approval information, so it cannot be established whether the exception applies. | U9: =INDEX(Checker!$R$6:$R$405,MATCH($B9,Checker!$A$6:$A$405,0))&": "&INDEX(Checker!$S$6:$S$405,MATCH($B9,Checker!$A$6:$A$405,0))&IF(INDEX(Checker!$T$6:$T$405,MATCH($B9,Checker!$A$6:$A$405,0))="",""," ("&INDEX(Checker!$T$6:$T$405,MATCH($B9,Checker!$A$6:$A$405,0))&")")&" | Basis: "&INDEX(Checker!$U$6:$U$405,MATCH($B9,Checker!$A$6:$A$405,0)) -> Violation: TP-02, TP-10 (Late) | Basis: Definite
A10: 6 | B10: EXP00369 | C10: =INDEX(Claims!$B$2:$B$401,MATCH($B10,Claims!$A$2:$A$401,0)) -> EMP028 | D10: =INDEX(Claims!$C$2:$C$401,MATCH($B10,Claims!$A$2:$A$401,0)) -> Rajesh Sharma | E10: =INDEX(Claims!$D$2:$D$401,MATCH($B10,Claims!$A$2:$A$401,0)) -> M2 | F10: =INDEX(Claims!$E$2:$E$401,MATCH($B10,Claims!$A$2:$A$401,0)) -> Flight | G10: =INDEX(Claims!$F$2:$F$401,MATCH($B10,Claims!$A$2:$A$401,0)) -> Kochi | H10: =INDEX(Claims!$G$2:$G$401,MATCH($B10,Claims!$A$2:$A$401,0)) -> Non-metro | I10: =INDEX(Claims!$H$2:$H$401,MATCH($B10,Claims!$A$2:$A$401,0)) -> 21709 | J10: =INDEX(Claims!$I$2:$I$401,MATCH($B10,Claims!$A$2:$A$401,0)) -> 45986 | K10: =INDEX(Claims!$J$2:$J$401,MATCH($B10,Claims!$A$2:$A$401,0)) -> 45988 | L10: =INDEX(Claims!$K$2:$K$401,MATCH($B10,Claims!$A$2:$A$401,0)) -> Yes | M10: =INDEX(Claims!$L$2:$L$401,MATCH($B10,Claims!$A$2:$A$401,0)) -> Site visit | N10: =IF(INDEX(Claims!$M$2:$M$401,MATCH($B10,Claims!$A$2:$A$401,0))="","",INDEX(Claims!$M$2:$M$401,MATCH($B10,Claims!$A$2:$A$401,0))) -> 6 | O10: =IF(INDEX(Claims!$N$2:$N$401,MATCH($B10,Claims!$A$2:$A$401,0))="","",INDEX(Claims!$N$2:$N$401,MATCH($B10,Claims!$A$2:$A$401,0))) -> Economy | P10: TP-02 | Q10: =INDEX('Policy Rules'!$C$2:$C$16,MATCH($P10,'Policy Rules'!$A$2:$A$16,0)) -> Flights must be booked at least 7 days before travel; later bookings need a written reason approved by the department head. | R10: Cannot verify | S10: CV-APPROVAL | T10: Flight booked 6 days before travel, short of the 7-day minimum in TP-02. The rule allows later bookings with a written reason approved by the department head, and the row holds no approval information, so it cannot be established whether the exception applies. | U10: =INDEX(Checker!$R$6:$R$405,MATCH($B10,Checker!$A$6:$A$405,0))&": "&INDEX(Checker!$S$6:$S$405,MATCH($B10,Checker!$A$6:$A$405,0))&IF(INDEX(Checker!$T$6:$T$405,MATCH($B10,Checker!$A$6:$A$405,0))="",""," ("&INDEX(Checker!$T$6:$T$405,MATCH($B10,Checker!$A$6:$A$405,0))&")")&" | Basis: "&INDEX(Checker!$U$6:$U$405,MATCH($B10,Checker!$A$6:$A$405,0)) -> Violation: TP-02 | Basis: Assumption-based
A11: 7 | B11: EXP00019 | C11: =INDEX(Claims!$B$2:$B$401,MATCH($B11,Claims!$A$2:$A$401,0)) -> EMP005 | D11: =INDEX(Claims!$C$2:$C$401,MATCH($B11,Claims!$A$2:$A$401,0)) -> Yash Patil | E11: =INDEX(Claims!$D$2:$D$401,MATCH($B11,Claims!$A$2:$A$401,0)) -> M1 | F11: =INDEX(Claims!$E$2:$E$401,MATCH($B11,Claims!$A$2:$A$401,0)) -> Hotel | G11: =INDEX(Claims!$F$2:$F$401,MATCH($B11,Claims!$A$2:$A$401,0)) -> Bengaluru | H11: =INDEX(Claims!$G$2:$G$401,MATCH($B11,Claims!$A$2:$A$401,0)) -> Metro | I11: =INDEX(Claims!$H$2:$H$401,MATCH($B11,Claims!$A$2:$A$401,0)) -> 11637 | J11: =INDEX(Claims!$I$2:$I$401,MATCH($B11,Claims!$A$2:$A$401,0)) -> 45924 | K11: =INDEX(Claims!$J$2:$J$401,MATCH($B11,Claims!$A$2:$A$401,0)) -> 45959 | L11: =INDEX(Claims!$K$2:$K$401,MATCH($B11,Claims!$A$2:$A$401,0)) -> Yes | M11: =INDEX(Claims!$L$2:$L$401,MATCH($B11,Claims!$A$2:$A$401,0)) -> Airport cab | N11: =IF(INDEX(Claims!$M$2:$M$401,MATCH($B11,Claims!$A$2:$A$401,0))="","",INDEX(Claims!$M$2:$M$401,MATCH($B11,Claims!$A$2:$A$401,0))) | O11: =IF(INDEX(Claims!$N$2:$N$401,MATCH($B11,Claims!$A$2:$A$401,0))="","",INDEX(Claims!$N$2:$N$401,MATCH($B11,Claims!$A$2:$A$401,0))) | P11: TP-04 | Q11: =INDEX('Policy Rules'!$C$2:$C$16,MATCH($P11,'Policy Rules'!$A$2:$A$16,0)) -> Maximum Rs 7,000 per night for M1-M2, Rs 10,000 for M3 and Rs 14,000 for M4 and above in metro cities. | R11: Cannot verify | S11: CV-NIGHTS | T11: Metro hotel claim of Rs 11,637 for grade M1 against the Rs 7,000 per-night limit in TP-04. The row has no number of nights, so the per-night rate cannot be calculated; the claim would be within the limit only if the stay covered 2 or more nights (about Rs 5,818 a night at 2). | U11: =INDEX(Checker!$R$6:$R$405,MATCH($B11,Checker!$A$6:$A$405,0))&": "&INDEX(Checker!$S$6:$S$405,MATCH($B11,Checker!$A$6:$A$405,0))&IF(INDEX(Checker!$T$6:$T$405,MATCH($B11,Checker!$A$6:$A$405,0))="",""," ("&INDEX(Checker!$T$6:$T$405,MATCH($B11,Checker!$A$6:$A$405,0))&")")&" | Basis: "&INDEX(Checker!$U$6:$U$405,MATCH($B11,Checker!$A$6:$A$405,0)) -> Violation: TP-04, TP-10 (Late) | Basis: Definite
A12: 8 | B12: EXP00046 | C12: =INDEX(Claims!$B$2:$B$401,MATCH($B12,Claims!$A$2:$A$401,0)) -> EMP013 | D12: =INDEX(Claims!$C$2:$C$401,MATCH($B12,Claims!$A$2:$A$401,0)) -> Suresh Mishra | E12: =INDEX(Claims!$D$2:$D$401,MATCH($B12,Claims!$A$2:$A$401,0)) -> M2 | F12: =INDEX(Claims!$E$2:$E$401,MATCH($B12,Claims!$A$2:$A$401,0)) -> Hotel | G12: =INDEX(Claims!$F$2:$F$401,MATCH($B12,Claims!$A$2:$A$401,0)) -> Bengaluru | H12: =INDEX(Claims!$G$2:$G$401,MATCH($B12,Claims!$A$2:$A$401,0)) -> Metro | I12: =INDEX(Claims!$H$2:$H$401,MATCH($B12,Claims!$A$2:$A$401,0)) -> 13851 | J12: =INDEX(Claims!$I$2:$I$401,MATCH($B12,Claims!$A$2:$A$401,0)) -> 45909 | K12: =INDEX(Claims!$J$2:$J$401,MATCH($B12,Claims!$A$2:$A$401,0)) -> 45918 | L12: =INDEX(Claims!$K$2:$K$401,MATCH($B12,Claims!$A$2:$A$401,0)) -> Yes | M12: =INDEX(Claims!$L$2:$L$401,MATCH($B12,Claims!$A$2:$A$401,0)) -> Flight booked | N12: =IF(INDEX(Claims!$M$2:$M$401,MATCH($B12,Claims!$A$2:$A$401,0))="","",INDEX(Claims!$M$2:$M$401,MATCH($B12,Claims!$A$2:$A$401,0))) | O12: =IF(INDEX(Claims!$N$2:$N$401,MATCH($B12,Claims!$A$2:$A$401,0))="","",INDEX(Claims!$N$2:$N$401,MATCH($B12,Claims!$A$2:$A$401,0))) | P12: TP-04 | Q12: =INDEX('Policy Rules'!$C$2:$C$16,MATCH($P12,'Policy Rules'!$A$2:$A$16,0)) -> Maximum Rs 7,000 per night for M1-M2, Rs 10,000 for M3 and Rs 14,000 for M4 and above in metro cities. | R12: Cannot verify | S12: CV-NIGHTS | T12: Metro hotel claim of Rs 13,851 for grade M2 against the Rs 7,000 per-night limit in TP-04. The row has no number of nights, so the per-night rate cannot be calculated; the claim would be within the limit only if the stay covered 2 or more nights (about Rs 6,926 a night at 2). | U12: =INDEX(Checker!$R$6:$R$405,MATCH($B12,Checker!$A$6:$A$405,0))&": "&INDEX(Checker!$S$6:$S$405,MATCH($B12,Checker!$A$6:$A$405,0))&IF(INDEX(Checker!$T$6:$T$405,MATCH($B12,Checker!$A$6:$A$405,0))="",""," ("&INDEX(Checker!$T$6:$T$405,MATCH($B12,Checker!$A$6:$A$405,0))&")")&" | Basis: "&INDEX(Checker!$U$6:$U$405,MATCH($B12,Checker!$A$6:$A$405,0)) -> Violation: TP-04 | Basis: Assumption-based
A13: 9 | B13: EXP00056 | C13: =INDEX(Claims!$B$2:$B$401,MATCH($B13,Claims!$A$2:$A$401,0)) -> EMP023 | D13: =INDEX(Claims!$C$2:$C$401,MATCH($B13,Claims!$A$2:$A$401,0)) -> Manish Jadhav | E13: =INDEX(Claims!$D$2:$D$401,MATCH($B13,Claims!$A$2:$A$401,0)) -> M5 | F13: =INDEX(Claims!$E$2:$E$401,MATCH($B13,Claims!$A$2:$A$401,0)) -> Hotel | G13: =INDEX(Claims!$F$2:$F$401,MATCH($B13,Claims!$A$2:$A$401,0)) -> Bengaluru | H13: =INDEX(Claims!$G$2:$G$401,MATCH($B13,Claims!$A$2:$A$401,0)) -> Metro | I13: =INDEX(Claims!$H$2:$H$401,MATCH($B13,Claims!$A$2:$A$401,0)) -> 14858 | J13: =INDEX(Claims!$I$2:$I$401,MATCH($B13,Claims!$A$2:$A$401,0)) -> 45864 | K13: =INDEX(Claims!$J$2:$J$401,MATCH($B13,Claims!$A$2:$A$401,0)) -> 45869 | L13: =INDEX(Claims!$K$2:$K$401,MATCH($B13,Claims!$A$2:$A$401,0)) -> Yes | M13: =INDEX(Claims!$L$2:$L$401,MATCH($B13,Claims!$A$2:$A$401,0)) -> Flight booked | N13: =IF(INDEX(Claims!$M$2:$M$401,MATCH($B13,Claims!$A$2:$A$401,0))="","",INDEX(Claims!$M$2:$M$401,MATCH($B13,Claims!$A$2:$A$401,0))) | O13: =IF(INDEX(Claims!$N$2:$N$401,MATCH($B13,Claims!$A$2:$A$401,0))="","",INDEX(Claims!$N$2:$N$401,MATCH($B13,Claims!$A$2:$A$401,0))) | P13: TP-04 | Q13: =INDEX('Policy Rules'!$C$2:$C$16,MATCH($P13,'Policy Rules'!$A$2:$A$16,0)) -> Maximum Rs 7,000 per night for M1-M2, Rs 10,000 for M3 and Rs 14,000 for M4 and above in metro cities. | R13: Cannot verify | S13: CV-NIGHTS | T13: Metro hotel claim of Rs 14,858 for grade M5 against the Rs 14,000 per-night limit in TP-04. The row has no number of nights, so the per-night rate cannot be calculated; the claim would be within the limit only if the stay covered 2 or more nights (about Rs 7,429 a night at 2). | U13: =INDEX(Checker!$R$6:$R$405,MATCH($B13,Checker!$A$6:$A$405,0))&": "&INDEX(Checker!$S$6:$S$405,MATCH($B13,Checker!$A$6:$A$405,0))&IF(INDEX(Checker!$T$6:$T$405,MATCH($B13,Checker!$A$6:$A$405,0))="",""," ("&INDEX(Checker!$T$6:$T$405,MATCH($B13,Checker!$A$6:$A$405,0))&")")&" | Basis: "&INDEX(Checker!$U$6:$U$405,MATCH($B13,Checker!$A$6:$A$405,0)) -> Violation: TP-04 | Basis: Assumption-based
A14: 10 | B14: EXP00094 | C14: =INDEX(Claims!$B$2:$B$401,MATCH($B14,Claims!$A$2:$A$401,0)) -> EMP001 | D14: =INDEX(Claims!$C$2:$C$401,MATCH($B14,Claims!$A$2:$A$401,0)) -> Meera Nair | E14: =INDEX(Claims!$D$2:$D$401,MATCH($B14,Claims!$A$2:$A$401,0)) -> M2 | F14: =INDEX(Claims!$E$2:$E$401,MATCH($B14,Claims!$A$2:$A$401,0)) -> Hotel | G14: =INDEX(Claims!$F$2:$F$401,MATCH($B14,Claims!$A$2:$A$401,0)) -> Jaipur | H14: =INDEX(Claims!$G$2:$G$401,MATCH($B14,Claims!$A$2:$A$401,0)) -> Non-metro | I14: =INDEX(Claims!$H$2:$H$401,MATCH($B14,Claims!$A$2:$A$401,0)) -> 12175 | J14: =INDEX(Claims!$I$2:$I$401,MATCH($B14,Claims!$A$2:$A$401,0)) -> 45775 | K14: =INDEX(Claims!$J$2:$J$401,MATCH($B14,Claims!$A$2:$A$401,0)) -> 45784 | L14: =INDEX(Claims!$K$2:$K$401,MATCH($B14,Claims!$A$2:$A$401,0)) -> Yes | M14: =INDEX(Claims!$L$2:$L$401,MATCH($B14,Claims!$A$2:$A$401,0)) -> Airport cab | N14: =IF(INDEX(Claims!$M$2:$M$401,MATCH($B14,Claims!$A$2:$A$401,0))="","",INDEX(Claims!$M$2:$M$401,MATCH($B14,Claims!$A$2:$A$401,0))) | O14: =IF(INDEX(Claims!$N$2:$N$401,MATCH($B14,Claims!$A$2:$A$401,0))="","",INDEX(Claims!$N$2:$N$401,MATCH($B14,Claims!$A$2:$A$401,0))) | P14: TP-05 | Q14: =INDEX('Policy Rules'!$C$2:$C$16,MATCH($P14,'Policy Rules'!$A$2:$A$16,0)) -> Maximum Rs 4,500 per night for M1-M2, Rs 6,500 for M3 and Rs 9,000 for M4 and above in other cities. | R14: Cannot verify | S14: CV-NIGHTS | T14: Non-metro hotel claim of Rs 12,175 for grade M2 against the Rs 4,500 per-night limit in TP-05. The row has no number of nights, so the per-night rate cannot be calculated; the claim would be within the limit only if the stay covered 3 or more nights (about Rs 4,058 a night at 3). | U14: =INDEX(Checker!$R$6:$R$405,MATCH($B14,Checker!$A$6:$A$405,0))&": "&INDEX(Checker!$S$6:$S$405,MATCH($B14,Checker!$A$6:$A$405,0))&IF(INDEX(Checker!$T$6:$T$405,MATCH($B14,Checker!$A$6:$A$405,0))="",""," ("&INDEX(Checker!$T$6:$T$405,MATCH($B14,Checker!$A$6:$A$405,0))&")")&" | Basis: "&INDEX(Checker!$U$6:$U$405,MATCH($B14,Checker!$A$6:$A$405,0)) -> Violation: TP-05 | Basis: Assumption-based
A15: 11 | B15: EXP00191 | C15: =INDEX(Claims!$B$2:$B$401,MATCH($B15,Claims!$A$2:$A$401,0)) -> EMP015 | D15: =INDEX(Claims!$C$2:$C$401,MATCH($B15,Claims!$A$2:$A$401,0)) -> Deepika Sharma | E15: =INDEX(Claims!$D$2:$D$401,MATCH($B15,Claims!$A$2:$A$401,0)) -> M1 | F15: =INDEX(Claims!$E$2:$E$401,MATCH($B15,Claims!$A$2:$A$401,0)) -> Hotel | G15: =INDEX(Claims!$F$2:$F$401,MATCH($B15,Claims!$A$2:$A$401,0)) -> Nashik | H15: =INDEX(Claims!$G$2:$G$401,MATCH($B15,Claims!$A$2:$A$401,0)) -> Non-metro | I15: =INDEX(Claims!$H$2:$H$401,MATCH($B15,Claims!$A$2:$A$401,0)) -> 15881 | J15: =INDEX(Claims!$I$2:$I$401,MATCH($B15,Claims!$A$2:$A$401,0)) -> 45922 | K15: =INDEX(Claims!$J$2:$J$401,MATCH($B15,Claims!$A$2:$A$401,0)) -> 45992 | L15: =INDEX(Claims!$K$2:$K$401,MATCH($B15,Claims!$A$2:$A$401,0)) -> Yes | M15: =INDEX(Claims!$L$2:$L$401,MATCH($B15,Claims!$A$2:$A$401,0)) -> Vendor meeting | N15: =IF(INDEX(Claims!$M$2:$M$401,MATCH($B15,Claims!$A$2:$A$401,0))="","",INDEX(Claims!$M$2:$M$401,MATCH($B15,Claims!$A$2:$A$401,0))) | O15: =IF(INDEX(Claims!$N$2:$N$401,MATCH($B15,Claims!$A$2:$A$401,0))="","",INDEX(Claims!$N$2:$N$401,MATCH($B15,Claims!$A$2:$A$401,0))) | P15: TP-05 | Q15: =INDEX('Policy Rules'!$C$2:$C$16,MATCH($P15,'Policy Rules'!$A$2:$A$16,0)) -> Maximum Rs 4,500 per night for M1-M2, Rs 6,500 for M3 and Rs 9,000 for M4 and above in other cities. | R15: Cannot verify | S15: CV-NIGHTS | T15: Non-metro hotel claim of Rs 15,881 for grade M1 against the Rs 4,500 per-night limit in TP-05. The row has no number of nights, so the per-night rate cannot be calculated; the claim would be within the limit only if the stay covered 4 or more nights (about Rs 3,970 a night at 4). | U15: =INDEX(Checker!$R$6:$R$405,MATCH($B15,Checker!$A$6:$A$405,0))&": "&INDEX(Checker!$S$6:$S$405,MATCH($B15,Checker!$A$6:$A$405,0))&IF(INDEX(Checker!$T$6:$T$405,MATCH($B15,Checker!$A$6:$A$405,0))="",""," ("&INDEX(Checker!$T$6:$T$405,MATCH($B15,Checker!$A$6:$A$405,0))&")")&" | Basis: "&INDEX(Checker!$U$6:$U$405,MATCH($B15,Checker!$A$6:$A$405,0)) -> Violation: TP-05, TP-10 (Expired) | Basis: Definite
A16: 12 | B16: EXP00217 | C16: =INDEX(Claims!$B$2:$B$401,MATCH($B16,Claims!$A$2:$A$401,0)) -> EMP024 | D16: =INDEX(Claims!$C$2:$C$401,MATCH($B16,Claims!$A$2:$A$401,0)) -> Gurpreet Khan | E16: =INDEX(Claims!$D$2:$D$401,MATCH($B16,Claims!$A$2:$A$401,0)) -> M3 | F16: =INDEX(Claims!$E$2:$E$401,MATCH($B16,Claims!$A$2:$A$401,0)) -> Hotel | G16: =INDEX(Claims!$F$2:$F$401,MATCH($B16,Claims!$A$2:$A$401,0)) -> Jaipur | H16: =INDEX(Claims!$G$2:$G$401,MATCH($B16,Claims!$A$2:$A$401,0)) -> Non-metro | I16: =INDEX(Claims!$H$2:$H$401,MATCH($B16,Claims!$A$2:$A$401,0)) -> 7899 | J16: =INDEX(Claims!$I$2:$I$401,MATCH($B16,Claims!$A$2:$A$401,0)) -> 45966 | K16: =INDEX(Claims!$J$2:$J$401,MATCH($B16,Claims!$A$2:$A$401,0)) -> 45971 | L16: =INDEX(Claims!$K$2:$K$401,MATCH($B16,Claims!$A$2:$A$401,0)) -> Yes | M16: =INDEX(Claims!$L$2:$L$401,MATCH($B16,Claims!$A$2:$A$401,0)) -> Vendor meeting | N16: =IF(INDEX(Claims!$M$2:$M$401,MATCH($B16,Claims!$A$2:$A$401,0))="","",INDEX(Claims!$M$2:$M$401,MATCH($B16,Claims!$A$2:$A$401,0))) | O16: =IF(INDEX(Claims!$N$2:$N$401,MATCH($B16,Claims!$A$2:$A$401,0))="","",INDEX(Claims!$N$2:$N$401,MATCH($B16,Claims!$A$2:$A$401,0))) | P16: TP-05 | Q16: =INDEX('Policy Rules'!$C$2:$C$16,MATCH($P16,'Policy Rules'!$A$2:$A$16,0)) -> Maximum Rs 4,500 per night for M1-M2, Rs 6,500 for M3 and Rs 9,000 for M4 and above in other cities. | R16: Cannot verify | S16: CV-NIGHTS | T16: Non-metro hotel claim of Rs 7,899 for grade M3 against the Rs 6,500 per-night limit in TP-05. The row has no number of nights, so the per-night rate cannot be calculated; the claim would be within the limit only if the stay covered 2 or more nights (about Rs 3,950 a night at 2). | U16: =INDEX(Checker!$R$6:$R$405,MATCH($B16,Checker!$A$6:$A$405,0))&": "&INDEX(Checker!$S$6:$S$405,MATCH($B16,Checker!$A$6:$A$405,0))&IF(INDEX(Checker!$T$6:$T$405,MATCH($B16,Checker!$A$6:$A$405,0))="",""," ("&INDEX(Checker!$T$6:$T$405,MATCH($B16,Checker!$A$6:$A$405,0))&")")&" | Basis: "&INDEX(Checker!$U$6:$U$405,MATCH($B16,Checker!$A$6:$A$405,0)) -> Violation: TP-05 | Basis: Assumption-based
... A34: 30 | B34: EXP00373 | C34: =INDEX(Claims!$B$2:$B$401,MATCH($B34,Claims!$A$2:$A$401,0)) -> EMP040 | D34: =INDEX(Claims!$C$2:$C$401,MATCH($B34,Claims!$A$2:$A$401,0)) -> Rohan Nair | E34: =INDEX(Claims!$D$2:$D$401,MATCH($B34,Claims!$A$2:$A$401,0)) -> M2 | F34: =INDEX(Claims!$E$2:$E$401,MATCH($B34,Claims!$A$2:$A$401,0)) -> Meals/DA | G34: =INDEX(Claims!$F$2:$F$401,MATCH($B34,Claims!$A$2:$A$401,0)) -> Indore | H34: =INDEX(Claims!$G$2:$G$401,MATCH($B34,Claims!$A$2:$A$401,0)) -> Non-metro | I34: =INDEX(Claims!$H$2:$H$401,MATCH($B34,Claims!$A$2:$A$401,0)) -> 1109 | J34: =INDEX(Claims!$I$2:$I$401,MATCH($B34,Claims!$A$2:$A$401,0)) -> 45749 | K34: =INDEX(Claims!$J$2:$J$401,MATCH($B34,Claims!$A$2:$A$401,0)) -> 45769 | L34: =INDEX(Claims!$K$2:$K$401,MATCH($B34,Claims!$A$2:$A$401,0)) -> Yes | M34: =INDEX(Claims!$L$2:$L$401,MATCH($B34,Claims!$A$2:$A$401,0)) -> Client dinner | N34: =IF(INDEX(Claims!$M$2:$M$401,MATCH($B34,Claims!$A$2:$A$401,0))="","",INDEX(Claims!$M$2:$M$401,MATCH($B34,Claims!$A$2:$A$401,0))) | O34: =IF(INDEX(Claims!$N$2:$N$401,MATCH($B34,Claims!$A$2:$A$401,0))="","",INDEX(Claims!$N$2:$N$401,MATCH($B34,Claims!$A$2:$A$401,0))) | P34: TP-10 | Q34: =INDEX('Policy Rules'!$C$2:$C$16,MATCH($P34,'Policy Rules'!$A$2:$A$16,0)) -> Claims must be submitted within 15 days of returning; claims older than 60 days are rejected. | R34: True violation | S34: n/a | T34: Trip ended 02 Apr 2025 and the claim was submitted 22 Apr 2025, 20 days later. Taking trip_end_date as the return date, this exceeds the 15-day submission limit in TP-10 by 5 days; the amount (Rs 1,109) and expense type do not affect the deadline. | U34: =INDEX(Checker!$R$6:$R$405,MATCH($B34,Checker!$A$6:$A$405,0))&": "&INDEX(Checker!$S$6:$S$405,MATCH($B34,Checker!$A$6:$A$405,0))&IF(INDEX(Checker!$T$6:$T$405,MATCH($B34,Checker!$A$6:$A$405,0))="",""," ("&INDEX(Checker!$T$6:$T$405,MATCH($B34,Checker!$A$6:$A$405,0))&")")&" | Basis: "&INDEX(Checker!$U$6:$U$405,MATCH($B34,Checker!$A$6:$A$405,0)) -> Violation: TP-06, TP-10 (Late) | Basis: Definite
A37: Selection record
A38: Seed | B38: 20261001
A39: Method | B39: Python 3 random.Random(seed). For each rule: eligible = claims the Checker flags for that rule and not already selected, sorted by claim_id; rng.sample(eligible, allocation); picks then sorted by claim_id.
A40: Draw order | B40: Smallest stratum first by number of flags; ties by rule ID: TP-01, TP-08, TP-02, TP-04, TP-05, TP-06, TP-09, TP-10
A41: Stored as | B41: Claim IDs are typed values (not RAND), so the sample does not change when the workbook recalculates.
A43: Rule | B43: Flags in population (Checker) | C43: Draw order | D43: Allocation | E43: Eligible when drawn | F43: Selected in sheet | G43: Check
A44: TP-01 | B44: =COUNTIF(Checker!$J$6:$J$405,Lbl_Viol) -> 7 | C44: 1 | D44: 3 | E44: 7 | F44: =COUNTIF($P$5:$P$34,A44) -> 3 | G44: =IF(F44=D44,"OK","CHECK") -> OK
A45: TP-02 | B45: =COUNTIF(Checker!$K$6:$K$405,Lbl_Viol) -> 18 | C45: 3 | D45: 3 | E45: 17 | F45: =COUNTIF($P$5:$P$34,A45) -> 3 | G45: =IF(F45=D45,"OK","CHECK") -> OK
A46: TP-04 | B46: =COUNTIF(Checker!$L$6:$L$405,Lbl_Viol) -> 18 | C46: 4 | D46: 3 | E46: 18 | F46: =COUNTIF($P$5:$P$34,A46) -> 3 | G46: =IF(F46=D46,"OK","CHECK") -> OK
A47: TP-05 | B47: =COUNTIF(Checker!$M$6:$M$405,Lbl_Viol) -> 31 | C47: 5 | D47: 4 | E47: 31 | F47: =COUNTIF($P$5:$P$34,A47) -> 4 | G47: =IF(F47=D47,"OK","CHECK") -> OK
A48: TP-06 | B48: =COUNTIF(Checker!$N$6:$N$405,Lbl_Viol) -> 55 | C48: 6 | D48: 4 | E48: 55 | F48: =COUNTIF($P$5:$P$34,A48) -> 4 | G48: =IF(F48=D48,"OK","CHECK") -> OK
A49: TP-08 | B49: =COUNTIF(Checker!$O$6:$O$405,Lbl_Viol) -> 12 | C49: 2 | D49: 3 | E49: 12 | F49: =COUNTIF($P$5:$P$34,A49) -> 3 | G49: =IF(F49=D49,"OK","CHECK") -> OK
A50: TP-09 | B50: =COUNTIF(Checker!$P$6:$P$405,Lbl_Viol) -> 60 | C50: 7 | D50: 5 | E50: 58 | F50: =COUNTIF($P$5:$P$34,A50) -> 5 | G50: =IF(F50=D50,"OK","CHECK") -> OK
A51: TP-10 | B51: =COUNTIF(Checker!$Q$6:$Q$405,Lbl_Viol) -> 78 | C51: 8 | D51: 5 | E51: 73 | F51: =COUNTIF($P$5:$P$34,A51) -> 5 | G51: =IF(F51=D51,"OK","CHECK") -> OK
A52: Total | B52: =SUM(B44:B51) -> 279 | D52: =SUM(D44:D51) -> 30 | F52: =SUM(F44:F51) -> 30 | G52: =IF(F52=D52,"OK","CHECK") -> OK
A53: No claim twice | B53: =IF(SUMPRODUCT(--(COUNTIF($B$5:$B$34,$B$5:$B$34)>1))=0,"OK - 30 distinct claims","DUPLICATE") -> OK - 30 distinct claims
A54: All flagged for audited rule | B54: =IF(SUMPRODUCT(--(ISNUMBER(MATCH($B$5:$B$34,Checker!$A$6:$A$405,0))))=ROWS($B$5:$B$34),"OK - every claim ID is in the Checker","CHECK") -> OK - every claim ID is in the Checker
A57: Audit summary (counts calculated from columns P, R and S above)
A58: Rule | B58: Audited | C58: True violation | D58: False alarm | E58: Cannot verify | F58: CV-NIGHTS | G58: CV-DAYS | H58: CV-APPROVAL | I58: CV-RETURN | J58: CV-ORIGINAL
A59: TP-01 | B59: =COUNTIF($P$5:$P$34,A59) -> 3 | C59: =COUNTIFS($P$5:$P$34,$A59,$R$5:$R$34,"True violation") -> 3 | D59: =COUNTIFS($P$5:$P$34,$A59,$R$5:$R$34,"False alarm") -> 0 | E59: =COUNTIFS($P$5:$P$34,$A59,$R$5:$R$34,"Cannot verify") -> 0 | F59: =COUNTIFS($P$5:$P$34,$A59,$S$5:$S$34,"CV-NIGHTS") -> 0 | G59: =COUNTIFS($P$5:$P$34,$A59,$S$5:$S$34,"CV-DAYS") -> 0 | H59: =COUNTIFS($P$5:$P$34,$A59,$S$5:$S$34,"CV-APPROVAL") -> 0 | I59: =COUNTIFS($P$5:$P$34,$A59,$S$5:$S$34,"CV-RETURN") -> 0 | J59: =COUNTIFS($P$5:$P$34,$A59,$S$5:$S$34,"CV-ORIGINAL") -> 0
A60: TP-02 | B60: =COUNTIF($P$5:$P$34,A60) -> 3 | C60: =COUNTIFS($P$5:$P$34,$A60,$R$5:$R$34,"True violation") -> 0 | D60: =COUNTIFS($P$5:$P$34,$A60,$R$5:$R$34,"False alarm") -> 0 | E60: =COUNTIFS($P$5:$P$34,$A60,$R$5:$R$34,"Cannot verify") -> 3 | F60: =COUNTIFS($P$5:$P$34,$A60,$S$5:$S$34,"CV-NIGHTS") -> 0 | G60: =COUNTIFS($P$5:$P$34,$A60,$S$5:$S$34,"CV-DAYS") -> 0 | H60: =COUNTIFS($P$5:$P$34,$A60,$S$5:$S$34,"CV-APPROVAL") -> 3 | I60: =COUNTIFS($P$5:$P$34,$A60,$S$5:$S$34,"CV-RETURN") -> 0 | J60: =COUNTIFS($P$5:$P$34,$A60,$S$5:$S$34,"CV-ORIGINAL") -> 0
A61: TP-04 | B61: =COUNTIF($P$5:$P$34,A61) -> 3 | C61: =COUNTIFS($P$5:$P$34,$A61,$R$5:$R$34,"True violation") -> 0 | D61: =COUNTIFS($P$5:$P$34,$A61,$R$5:$R$34,"False alarm") -> 0 | E61: =COUNTIFS($P$5:$P$34,$A61,$R$5:$R$34,"Cannot verify") -> 3 | F61: =COUNTIFS($P$5:$P$34,$A61,$S$5:$S$34,"CV-NIGHTS") -> 3 | G61: =COUNTIFS($P$5:$P$34,$A61,$S$5:$S$34,"CV-DAYS") -> 0 | H61: =COUNTIFS($P$5:$P$34,$A61,$S$5:$S$34,"CV-APPROVAL") -> 0 | I61: =COUNTIFS($P$5:$P$34,$A61,$S$5:$S$34,"CV-RETURN") -> 0 | J61: =COUNTIFS($P$5:$P$34,$A61,$S$5:$S$34,"CV-ORIGINAL") -> 0
A62: TP-05 | B62: =COUNTIF($P$5:$P$34,A62) -> 4 | C62: =COUNTIFS($P$5:$P$34,$A62,$R$5:$R$34,"True violation") -> 0 | D62: =COUNTIFS($P$5:$P$34,$A62,$R$5:$R$34,"False alarm") -> 0 | E62: =COUNTIFS($P$5:$P$34,$A62,$R$5:$R$34,"Cannot verify") -> 4 | F62: =COUNTIFS($P$5:$P$34,$A62,$S$5:$S$34,"CV-NIGHTS") -> 4 | G62: =COUNTIFS($P$5:$P$34,$A62,$S$5:$S$34,"CV-DAYS") -> 0 | H62: =COUNTIFS($P$5:$P$34,$A62,$S$5:$S$34,"CV-APPROVAL") -> 0 | I62: =COUNTIFS($P$5:$P$34,$A62,$S$5:$S$34,"CV-RETURN") -> 0 | J62: =COUNTIFS($P$5:$P$34,$A62,$S$5:$S$34,"CV-ORIGINAL") -> 0
A63: TP-06 | B63: =COUNTIF($P$5:$P$34,A63) -> 4 | C63: =COUNTIFS($P$5:$P$34,$A63,$R$5:$R$34,"True violation") -> 0 | D63: =COUNTIFS($P$5:$P$34,$A63,$R$5:$R$34,"False alarm") -> 0 | E63: =COUNTIFS($P$5:$P$34,$A63,$R$5:$R$34,"Cannot verify") -> 4 | F63: =COUNTIFS($P$5:$P$34,$A63,$S$5:$S$34,"CV-NIGHTS") -> 0 | G63: =COUNTIFS($P$5:$P$34,$A63,$S$5:$S$34,"CV-DAYS") -> 4 | H63: =COUNTIFS($P$5:$P$34,$A63,$S$5:$S$34,"CV-APPROVAL") -> 0 | I63: =COUNTIFS($P$5:$P$34,$A63,$S$5:$S$34,"CV-RETURN") -> 0 | J63: =COUNTIFS($P$5:$P$34,$A63,$S$5:$S$34,"CV-ORIGINAL") -> 0
A64: TP-08 | B64: =COUNTIF($P$5:$P$34,A64) -> 3 | C64: =COUNTIFS($P$5:$P$34,$A64,$R$5:$R$34,"True violation") -> 3 | D64: =COUNTIFS($P$5:$P$34,$A64,$R$5:$R$34,"False alarm") -> 0 | E64: =COUNTIFS($P$5:$P$34,$A64,$R$5:$R$34,"Cannot verify") -> 0 | F64: =COUNTIFS($P$5:$P$34,$A64,$S$5:$S$34,"CV-NIGHTS") -> 0 | G64: =COUNTIFS($P$5:$P$34,$A64,$S$5:$S$34,"CV-DAYS") -> 0 | H64: =COUNTIFS($P$5:$P$34,$A64,$S$5:$S$34,"CV-APPROVAL") -> 0 | I64: =COUNTIFS($P$5:$P$34,$A64,$S$5:$S$34,"CV-RETURN") -> 0 | J64: =COUNTIFS($P$5:$P$34,$A64,$S$5:$S$34,"CV-ORIGINAL") -> 0
A65: TP-09 | B65: =COUNTIF($P$5:$P$34,A65) -> 5 | C65: =COUNTIFS($P$5:$P$34,$A65,$R$5:$R$34,"True violation") -> 5 | D65: =COUNTIFS($P$5:$P$34,$A65,$R$5:$R$34,"False alarm") -> 0 | E65: =COUNTIFS($P$5:$P$34,$A65,$R$5:$R$34,"Cannot verify") -> 0 | F65: =COUNTIFS($P$5:$P$34,$A65,$S$5:$S$34,"CV-NIGHTS") -> 0 | G65: =COUNTIFS($P$5:$P$34,$A65,$S$5:$S$34,"CV-DAYS") -> 0 | H65: =COUNTIFS($P$5:$P$34,$A65,$S$5:$S$34,"CV-APPROVAL") -> 0 | I65: =COUNTIFS($P$5:$P$34,$A65,$S$5:$S$34,"CV-RETURN") -> 0 | J65: =COUNTIFS($P$5:$P$34,$A65,$S$5:$S$34,"CV-ORIGINAL") -> 0
A66: TP-10 | B66: =COUNTIF($P$5:$P$34,A66) -> 5 | C66: =COUNTIFS($P$5:$P$34,$A66,$R$5:$R$34,"True violation") -> 5 | D66: =COUNTIFS($P$5:$P$34,$A66,$R$5:$R$34,"False alarm") -> 0 | E66: =COUNTIFS($P$5:$P$34,$A66,$R$5:$R$34,"Cannot verify") -> 0 | F66: =COUNTIFS($P$5:$P$34,$A66,$S$5:$S$34,"CV-NIGHTS") -> 0 | G66: =COUNTIFS($P$5:$P$34,$A66,$S$5:$S$34,"CV-DAYS") -> 0 | H66: =COUNTIFS($P$5:$P$34,$A66,$S$5:$S$34,"CV-APPROVAL") -> 0 | I66: =COUNTIFS($P$5:$P$34,$A66,$S$5:$S$34,"CV-RETURN") -> 0 | J66: =COUNTIFS($P$5:$P$34,$A66,$S$5:$S$34,"CV-ORIGINAL") -> 0
A67: Total | B67: =SUM(B59:B66) -> 30 | C67: =SUM(C59:C66) -> 16 | D67: =SUM(D59:D66) -> 0 | E67: =SUM(E59:E66) -> 14 | F67: =SUM(F59:F66) -> 7 | G67: =SUM(G59:G66) -> 4 | H67: =SUM(H59:H66) -> 3 | I67: =SUM(I59:I66) -> 0 | J67: =SUM(J59:J66) -> 0
A69: Confirmed false-alarm rate | B69: =D67/B67 -> 0
A70: Possible range (upper end: false alarms + Cannot verify) | B70: =(D67+E67)/B67 -> 0.46666667
A71: Cannot-verify share | B71: =E67/B67 -> 0.46666667
A72: Check: every claim has a verdict | B72: =IF(C67+D67+E67=B67,"OK","CHECK") -> OK
A74: Interpretations adopted
A75: TP-01 | B75: Business class is treated as an exception available only to grade M4 and above on flights over 4 hours. M1-M3 Business claims are a breach whether the flight was under 4 hours (Economy required) or over 4 hours (exception not available to M1-M3), so missing flight duration does not change the verdict. Applied identically to all three claims.
A76: TP-10 | B76: trip_end_date is taken as the return date because it is the only trip date in the row. Applied identically to all five claims. Limitation: if a traveller returned later than trip_end_date, the true gap would be shorter.
A77: TP-02, 04, 05, 06 | B77: The one-night / one-day / no-approval assumptions made when building the Checker are not treated as facts. Where the verdict depends on nights, days or approval that the row does not record, the verdict is Cannot verify with the matching CV code.
A78: TP-08, TP-09 | B78: TP-08 has no exception in its wording. All five TP-09 claims have receipt_attached = No and amounts above Rs 500, so CV-ORIGINAL does not apply.
A79: Scope | B79: Each verdict applies to the audited rule only. The audit measures false alarms in flagged claims; it does not measure violations the Checker missed or the 7 rules it does not check.

Sheet Test_Cases
A1: Test_Cases - expected vs actual (actual = Checker row for real claims; Checker formulas on typed inputs for synthetic cases)
A2: PASS | B2: =COUNTIF(AC6:AC60,"PASS") -> 55 | C2: Awaiting input | D2: =COUNTIF(AC6:AC60,"Awaiting input") -> 0
A3: FAIL | B3: =COUNTIF(AC6:AC60,"FAIL") -> 0 | C3: Synthetic marker (column D): | D3: Synthetic
E4: Inputs: real claims looked up from Checker; synthetic typed (blue) | L4: Rule basis: | M4: =Checker!J4 -> Definite | N4: =Checker!K4 -> Assumption-based | O4: =Checker!L4 -> Assumption-based | P4: =Checker!M4 -> Assumption-based | Q4: =Checker!N4 -> Assumption-based | R4: =Checker!O4 -> Definite | S4: =Checker!P4 -> Definite | T4: =Checker!Q4 -> Definite | U4: Actual result | Y4: Expected result (from the test-case table)
A5: Test ID | B5: Rule ID | C5: Input description | D5: Claim ID or Synthetic | E5: grade | F5: expense_type | G5: city_class | H5: amount_inr | I5: receipt_attached | J5: days_booked_before_flight | K5: flight_class | L5: gap_days | M5: =Checker!J5 -> TP-01 | N5: =Checker!K5 -> TP-02 | O5: =Checker!L5 -> TP-04 | P5: =Checker!M5 -> TP-05 | Q5: =Checker!N5 -> TP-06 | R5: =Checker!O5 -> TP-08 | S5: =Checker!P5 -> TP-09 | T5: =Checker!Q5 -> TP-10 | U5: Status (actual) | V5: Rules broken (actual) | W5: TP-10 label (actual) | X5: Basis (actual) | Y5: Status (expected) | Z5: Rules broken (expected) | AA5: TP-10 label (expected) | AB5: Basis (expected) | AC5: Result
A6: T01-01 | B6: TP-01 | C6: Flight, M1, Business, booked 14 d, gap 14 | D6: EXP00074 | E6: =INDEX(Checker!$B$6:$B$405,MATCH($D6,Checker!$A$6:$A$405,0)) -> M1 | F6: =INDEX(Checker!$C$6:$C$405,MATCH($D6,Checker!$A$6:$A$405,0)) -> Flight | G6: =INDEX(Checker!$D$6:$D$405,MATCH($D6,Checker!$A$6:$A$405,0)) -> Metro | H6: =INDEX(Checker!$E$6:$E$405,MATCH($D6,Checker!$A$6:$A$405,0)) -> 3816 | I6: =INDEX(Checker!$F$6:$F$405,MATCH($D6,Checker!$A$6:$A$405,0)) -> Yes | J6: =INDEX(Checker!$G$6:$G$405,MATCH($D6,Checker!$A$6:$A$405,0)) -> 14 | K6: =INDEX(Checker!$H$6:$H$405,MATCH($D6,Checker!$A$6:$A$405,0)) -> Business | L6: =INDEX(Checker!$I$6:$I$405,MATCH($D6,Checker!$A$6:$A$405,0)) -> 14 | M6: =IF($D6="","",IF($D6=Test_Synth,IF(F6=Lbl_Flight,IF(AND(K6=Lbl_Business,INDEX(Biz_Permitted,MATCH(E6,Caps_Grade,0))=Lbl_BizNo),Lbl_Viol,Lbl_Comp),Lbl_NA),INDEX(Checker!J$6:J$405,MATCH($D6,Checker!$A$6:$A$405,0)))) -> Violation | N6: =IF($D6="","",IF($D6=Test_Synth,IF(F6=Lbl_Flight,IF(J6<Min_Days_Booked,Lbl_Viol,Lbl_Comp),Lbl_NA),INDEX(Checker!K$6:K$405,MATCH($D6,Checker!$A$6:$A$405,0)))) -> Compliant | O6: =IF($D6="","",IF($D6=Test_Synth,IF(AND(F6=Lbl_Hotel,G6=Lbl_Metro),IF(H6>INDEX(Caps_Metro,MATCH(E6,Caps_Grade,0)),Lbl_Viol,Lbl_Comp),Lbl_NA),INDEX(Checker!L$6:L$405,MATCH($D6,Checker!$A$6:$A$405,0)))) -> n/a | P6: =IF($D6="","",IF($D6=Test_Synth,IF(AND(F6=Lbl_Hotel,G6=Lbl_NonMetro),IF(H6>INDEX(Caps_NonMetro,MATCH(E6,Caps_Grade,0)),Lbl_Viol,Lbl_Comp),Lbl_NA),INDEX(Checker!M$6:M$405,MATCH($D6,Checker!$A$6:$A$405,0)))) -> n/a | Q6: =IF($D6="","",IF($D6=Test_Synth,IF(F6=Lbl_Meals,IF(H6>IF(G6=Lbl_Metro,Limit_Metro,Limit_NonMetro),Lbl_Viol,Lbl_Comp),Lbl_NA),INDEX(Checker!N$6:N$405,MATCH($D6,Checker!$A$6:$A$405,0)))) -> n/a | R6: =IF($D6="","",IF($D6=Test_Synth,IF(F6=Lbl_Alcohol,Lbl_Viol,Lbl_NA),INDEX(Checker!O$6:O$405,MATCH($D6,Checker!$A$6:$A$405,0)))) -> n/a | S6: =IF($D6="","",IF($D6=Test_Synth,IF(AND(I6=Lbl_NoReceipt,H6>Receipt_Threshold),Lbl_Viol,Lbl_Comp),INDEX(Checker!P$6:P$405,MATCH($D6,Checker!$A$6:$A$405,0)))) -> Compliant | T6: =IF($D6="","",IF($D6=Test_Synth,IF(L6>Late_Days,Lbl_Viol,Lbl_Comp),INDEX(Checker!Q$6:Q$405,MATCH($D6,Checker!$A$6:$A$405,0)))) -> Compliant | U6: =IF($D6="","",IF($D6=Test_Synth,IF(COUNTIF(M6:T6,Lbl_Viol)>0,Lbl_Viol,Lbl_Comp),INDEX(Checker!$R$6:$R$405,MATCH($D6,Checker!$A$6:$A$405,0)))) -> Violation | V6: =IF($D6="","",IF($D6=Test_Synth,_xlfn.TEXTJOIN(", ",TRUE(),IF(M6=Lbl_Viol,M$5,""),IF(N6=Lbl_Viol,N$5,""),IF(O6=Lbl_Viol,O$5,""),IF(P6=Lbl_Viol,P$5,""),IF(Q6=Lbl_Viol,Q$5,""),IF(R6=Lbl_Viol,R$5,""),IF(S6=Lbl_Viol,S$5,""),IF(T6=Lbl_Viol,T$5,"")),INDEX(Checker!$S$6:$S$405,MATCH($D6,Checker!$A$6:$A$405,0)))) -> TP-01 | W6: =IF($D6="","",IF($D6=Test_Synth,IF(T6=Lbl_Viol,IF(L6>Expired_Days,Lbl_Expired,Lbl_Late),""),INDEX(Checker!$T$6:$T$405,MATCH($D6,Checker!$A$6:$A$405,0)))) | X6: =IF($D6="","",IF($D6=Test_Synth,IF(U6=Lbl_Comp,"",IF(SUMPRODUCT((M6:T6=Lbl_Viol)*(M$4:T$4=Lbl_Definite))>0,Lbl_Definite,Lbl_Assumption)),INDEX(Checker!$U$6:$U$405,MATCH($D6,Checker!$A$6:$A$405,0)))) -> Definite | Y6: Violation | Z6: TP-01 | AB6: Definite | AC6: =IF(Y6="","Awaiting input",IFERROR(IF(AND(U6=Y6,V6=Z6,W6=AA6,X6=AB6),"PASS","FAIL"),"FAIL")) -> PASS
A7: T01-02 | B7: TP-01 | C7: Flight, M3, Business, booked 11 d, gap 20 | D7: EXP00143 | E7: =INDEX(Checker!$B$6:$B$405,MATCH($D7,Checker!$A$6:$A$405,0)) -> M3 | F7: =INDEX(Checker!$C$6:$C$405,MATCH($D7,Checker!$A$6:$A$405,0)) -> Flight | G7: =INDEX(Checker!$D$6:$D$405,MATCH($D7,Checker!$A$6:$A$405,0)) -> Non-metro | H7: =INDEX(Checker!$E$6:$E$405,MATCH($D7,Checker!$A$6:$A$405,0)) -> 18402 | I7: =INDEX(Checker!$F$6:$F$405,MATCH($D7,Checker!$A$6:$A$405,0)) -> Yes | J7: =INDEX(Checker!$G$6:$G$405,MATCH($D7,Checker!$A$6:$A$405,0)) -> 11 | K7: =INDEX(Checker!$H$6:$H$405,MATCH($D7,Checker!$A$6:$A$405,0)) -> Business | L7: =INDEX(Checker!$I$6:$I$405,MATCH($D7,Checker!$A$6:$A$405,0)) -> 20 | M7: =IF($D7="","",IF($D7=Test_Synth,IF(F7=Lbl_Flight,IF(AND(K7=Lbl_Business,INDEX(Biz_Permitted,MATCH(E7,Caps_Grade,0))=Lbl_BizNo),Lbl_Viol,Lbl_Comp),Lbl_NA),INDEX(Checker!J$6:J$405,MATCH($D7,Checker!$A$6:$A$405,0)))) -> Violation | N7: =IF($D7="","",IF($D7=Test_Synth,IF(F7=Lbl_Flight,IF(J7<Min_Days_Booked,Lbl_Viol,Lbl_Comp),Lbl_NA),INDEX(Checker!K$6:K$405,MATCH($D7,Checker!$A$6:$A$405,0)))) -> Compliant | O7: =IF($D7="","",IF($D7=Test_Synth,IF(AND(F7=Lbl_Hotel,G7=Lbl_Metro),IF(H7>INDEX(Caps_Metro,MATCH(E7,Caps_Grade,0)),Lbl_Viol,Lbl_Comp),Lbl_NA),INDEX(Checker!L$6:L$405,MATCH($D7,Checker!$A$6:$A$405,0)))) -> n/a | P7: =IF($D7="","",IF($D7=Test_Synth,IF(AND(F7=Lbl_Hotel,G7=Lbl_NonMetro),IF(H7>INDEX(Caps_NonMetro,MATCH(E7,Caps_Grade,0)),Lbl_Viol,Lbl_Comp),Lbl_NA),INDEX(Checker!M$6:M$405,MATCH($D7,Checker!$A$6:$A$405,0)))) -> n/a | Q7: =IF($D7="","",IF($D7=Test_Synth,IF(F7=Lbl_Meals,IF(H7>IF(G7=Lbl_Metro,Limit_Metro,Limit_NonMetro),Lbl_Viol,Lbl_Comp),Lbl_NA),INDEX(Checker!N$6:N$405,MATCH($D7,Checker!$A$6:$A$405,0)))) -> n/a | R7: =IF($D7="","",IF($D7=Test_Synth,IF(F7=Lbl_Alcohol,Lbl_Viol,Lbl_NA),INDEX(Checker!O$6:O$405,MATCH($D7,Checker!$A$6:$A$405,0)))) -> n/a | S7: =IF($D7="","",IF($D7=Test_Synth,IF(AND(I7=Lbl_NoReceipt,H7>Receipt_Threshold),Lbl_Viol,Lbl_Comp),INDEX(Checker!P$6:P$405,MATCH($D7,Checker!$A$6:$A$405,0)))) -> Compliant | T7: =IF($D7="","",IF($D7=Test_Synth,IF(L7>Late_Days,Lbl_Viol,Lbl_Comp),INDEX(Checker!Q$6:Q$405,MATCH($D7,Checker!$A$6:$A$405,0)))) -> Violation | U7: =IF($D7="","",IF($D7=Test_Synth,IF(COUNTIF(M7:T7,Lbl_Viol)>0,Lbl_Viol,Lbl_Comp),INDEX(Checker!$R$6:$R$405,MATCH($D7,Checker!$A$6:$A$405,0)))) -> Violation | V7: =IF($D7="","",IF($D7=Test_Synth,_xlfn.TEXTJOIN(", ",TRUE(),IF(M7=Lbl_Viol,M$5,""),IF(N7=Lbl_Viol,N$5,""),IF(O7=Lbl_Viol,O$5,""),IF(P7=Lbl_Viol,P$5,""),IF(Q7=Lbl_Viol,Q$5,""),IF(R7=Lbl_Viol,R$5,""),IF(S7=Lbl_Viol,S$5,""),IF(T7=Lbl_Viol,T$5,"")),INDEX(Checker!$S$6:$S$405,MATCH($D7,Checker!$A$6:$A$405,0)))) -> TP-01, TP-10 | W7: =IF($D7="","",IF($D7=Test_Synth,IF(T7=Lbl_Viol,IF(L7>Expired_Days,Lbl_Expired,Lbl_Late),""),INDEX(Checker!$T$6:$T$405,MATCH($D7,Checker!$A$6:$A$405,0)))) -> Late | X7: =IF($D7="","",IF($D7=Test_Synth,IF(U7=Lbl_Comp,"",IF(SUMPRODUCT((M7:T7=Lbl_Viol)*(M$4:T$4=Lbl_Definite))>0,Lbl_Definite,Lbl_Assumption)),INDEX(Checker!$U$6:$U$405,MATCH($D7,Checker!$A$6:$A$405,0)))) -> Definite | Y7: Violation | Z7: TP-01, TP-10 | AA7: Late | AB7: Definite | AC7: =IF(Y7="","Awaiting input",IFERROR(IF(AND(U7=Y7,V7=Z7,W7=AA7,X7=AB7),"PASS","FAIL"),"FAIL")) -> PASS
A8: T01-03 | B8: TP-01 | C8: Flight, M1, Economy, booked 8 d, gap 9 | D8: EXP00200 | E8: =INDEX(Checker!$B$6:$B$405,MATCH($D8,Checker!$A$6:$A$405,0)) -> M1 | F8: =INDEX(Checker!$C$6:$C$405,MATCH($D8,Checker!$A$6:$A$405,0)) -> Flight | G8: =INDEX(Checker!$D$6:$D$405,MATCH($D8,Checker!$A$6:$A$405,0)) -> Non-metro | H8: =INDEX(Checker!$E$6:$E$405,MATCH($D8,Checker!$A$6:$A$405,0)) -> 11325 | I8: =INDEX(Checker!$F$6:$F$405,MATCH($D8,Checker!$A$6:$A$405,0)) -> Yes | J8: =INDEX(Checker!$G$6:$G$405,MATCH($D8,Checker!$A$6:$A$405,0)) -> 8 | K8: =INDEX(Checker!$H$6:$H$405,MATCH($D8,Checker!$A$6:$A$405,0)) -> Economy | L8: =INDEX(Checker!$I$6:$I$405,MATCH($D8,Checker!$A$6:$A$405,0)) -> 9 | M8: =IF($D8="","",IF($D8=Test_Synth,IF(F8=Lbl_Flight,IF(AND(K8=Lbl_Business,INDEX(Biz_Permitted,MATCH(E8,Caps_Grade,0))=Lbl_BizNo),Lbl_Viol,Lbl_Comp),Lbl_NA),INDEX(Checker!J$6:J$405,MATCH($D8,Checker!$A$6:$A$405,0)))) -> Compliant | N8: =IF($D8="","",IF($D8=Test_Synth,IF(F8=Lbl_Flight,IF(J8<Min_Days_Booked,Lbl_Viol,Lbl_Comp),Lbl_NA),INDEX(Checker!K$6:K$405,MATCH($D8,Checker!$A$6:$A$405,0)))) -> Compliant | O8: =IF($D8="","",IF($D8=Test_Synth,IF(AND(F8=Lbl_Hotel,G8=Lbl_Metro),IF(H8>INDEX(Caps_Metro,MATCH(E8,Caps_Grade,0)),Lbl_Viol,Lbl_Comp),Lbl_NA),INDEX(Checker!L$6:L$405,MATCH($D8,Checker!$A$6:$A$405,0)))) -> n/a | P8: =IF($D8="","",IF($D8=Test_Synth,IF(AND(F8=Lbl_Hotel,G8=Lbl_NonMetro),IF(H8>INDEX(Caps_NonMetro,MATCH(E8,Caps_Grade,0)),Lbl_Viol,Lbl_Comp),Lbl_NA),INDEX(Checker!M$6:M$405,MATCH($D8,Checker!$A$6:$A$405,0)))) -> n/a | Q8: =IF($D8="","",IF($D8=Test_Synth,IF(F8=Lbl_Meals,IF(H8>IF(G8=Lbl_Metro,Limit_Metro,Limit_NonMetro),Lbl_Viol,Lbl_Comp),Lbl_NA),INDEX(Checker!N$6:N$405,MATCH($D8,Checker!$A$6:$A$405,0)))) -> n/a | R8: =IF($D8="","",IF($D8=Test_Synth,IF(F8=Lbl_Alcohol,Lbl_Viol,Lbl_NA),INDEX(Checker!O$6:O$405,MATCH($D8,Checker!$A$6:$A$405,0)))) -> n/a | S8: =IF($D8="","",IF($D8=Test_Synth,IF(AND(I8=Lbl_NoReceipt,H8>Receipt_Threshold),Lbl_Viol,Lbl_Comp),INDEX(Checker!P$6:P$405,MATCH($D8,Checker!$A$6:$A$405,0)))) -> Compliant | T8: =IF($D8="","",IF($D8=Test_Synth,IF(L8>Late_Days,Lbl_Viol,Lbl_Comp),INDEX(Checker!Q$6:Q$405,MATCH($D8,Checker!$A$6:$A$405,0)))) -> Compliant | U8: =IF($D8="","",IF($D8=Test_Synth,IF(COUNTIF(M8:T8,Lbl_Viol)>0,Lbl_Viol,Lbl_Comp),INDEX(Checker!$R$6:$R$405,MATCH($D8,Checker!$A$6:$A$405,0)))) -> Compliant | V8: =IF($D8="","",IF($D8=Test_Synth,_xlfn.TEXTJOIN(", ",TRUE(),IF(M8=Lbl_Viol,M$5,""),IF(N8=Lbl_Viol,N$5,""),IF(O8=Lbl_Viol,O$5,""),IF(P8=Lbl_Viol,P$5,""),IF(Q8=Lbl_Viol,Q$5,""),IF(R8=Lbl_Viol,R$5,""),IF(S8=Lbl_Viol,S$5,""),IF(T8=Lbl_Viol,T$5,"")),INDEX(Checker!$S$6:$S$405,MATCH($D8,Checker!$A$6:$A$405,0)))) | W8: =IF($D8="","",IF($D8=Test_Synth,IF(T8=Lbl_Viol,IF(L8>Expired_Days,Lbl_Expired,Lbl_Late),""),INDEX(Checker!$T$6:$T$405,MATCH($D8,Checker!$A$6:$A$405,0)))) | X8: =IF($D8="","",IF($D8=Test_Synth,IF(U8=Lbl_Comp,"",IF(SUMPRODUCT((M8:T8=Lbl_Viol)*(M$4:T$4=Lbl_Definite))>0,Lbl_Definite,Lbl_Assumption)),INDEX(Checker!$U$6:$U$405,MATCH($D8,Checker!$A$6:$A$405,0)))) | Y8: Compliant | AC8: =IF(Y8="","Awaiting input",IFERROR(IF(AND(U8=Y8,V8=Z8,W8=AA8,X8=AB8),"PASS","FAIL"),"FAIL")) -> PASS
A9: T01-04 | B9: TP-01 | C9: Flight, M4, Business (no such row exists); other fields compliant | D9: Synthetic | E9: M4 | F9: Flight | G9: Metro | H9: 10000 | I9: Yes | J9: 10 | K9: Business | L9: 5 | M9: =IF($D9="","",IF($D9=Test_Synth,IF(F9=Lbl_Flight,IF(AND(K9=Lbl_Business,INDEX(Biz_Permitted,MATCH(E9,Caps_Grade,0))=Lbl_BizNo),Lbl_Viol,Lbl_Comp),Lbl_NA),INDEX(Checker!J$6:J$405,MATCH($D9,Checker!$A$6:$A$405,0)))) -> Compliant | N9: =IF($D9="","",IF($D9=Test_Synth,IF(F9=Lbl_Flight,IF(J9<Min_Days_Booked,Lbl_Viol,Lbl_Comp),Lbl_NA),INDEX(Checker!K$6:K$405,MATCH($D9,Checker!$A$6:$A$405,0)))) -> Compliant | O9: =IF($D9="","",IF($D9=Test_Synth,IF(AND(F9=Lbl_Hotel,G9=Lbl_Metro),IF(H9>INDEX(Caps_Metro,MATCH(E9,Caps_Grade,0)),Lbl_Viol,Lbl_Comp),Lbl_NA),INDEX(Checker!L$6:L$405,MATCH($D9,Checker!$A$6:$A$405,0)))) -> n/a | P9: =IF($D9="","",IF($D9=Test_Synth,IF(AND(F9=Lbl_Hotel,G9=Lbl_NonMetro),IF(H9>INDEX(Caps_NonMetro,MATCH(E9,Caps_Grade,0)),Lbl_Viol,Lbl_Comp),Lbl_NA),INDEX(Checker!M$6:M$405,MATCH($D9,Checker!$A$6:$A$405,0)))) -> n/a | Q9: =IF($D9="","",IF($D9=Test_Synth,IF(F9=Lbl_Meals,IF(H9>IF(G9=Lbl_Metro,Limit_Metro,Limit_NonMetro),Lbl_Viol,Lbl_Comp),Lbl_NA),INDEX(Checker!N$6:N$405,MATCH($D9,Checker!$A$6:$A$405,0)))) -> n/a | R9: =IF($D9="","",IF($D9=Test_Synth,IF(F9=Lbl_Alcohol,Lbl_Viol,Lbl_NA),INDEX(Checker!O$6:O$405,MATCH($D9,Checker!$A$6:$A$405,0)))) -> n/a | S9: =IF($D9="","",IF($D9=Test_Synth,IF(AND(I9=Lbl_NoReceipt,H9>Receipt_Threshold),Lbl_Viol,Lbl_Comp),INDEX(Checker!P$6:P$405,MATCH($D9,Checker!$A$6:$A$405,0)))) -> Compliant | T9: =IF($D9="","",IF($D9=Test_Synth,IF(L9>Late_Days,Lbl_Viol,Lbl_Comp),INDEX(Checker!Q$6:Q$405,MATCH($D9,Checker!$A$6:$A$405,0)))) -> Compliant | U9: =IF($D9="","",IF($D9=Test_Synth,IF(COUNTIF(M9:T9,Lbl_Viol)>0,Lbl_Viol,Lbl_Comp),INDEX(Checker!$R$6:$R$405,MATCH($D9,Checker!$A$6:$A$405,0)))) -> Compliant | V9: =IF($D9="","",IF($D9=Test_Synth,_xlfn.TEXTJOIN(", ",TRUE(),IF(M9=Lbl_Viol,M$5,""),IF(N9=Lbl_Viol,N$5,""),IF(O9=Lbl_Viol,O$5,""),IF(P9=Lbl_Viol,P$5,""),IF(Q9=Lbl_Viol,Q$5,""),IF(R9=Lbl_Viol,R$5,""),IF(S9=Lbl_Viol,S$5,""),IF(T9=Lbl_Viol,T$5,"")),INDEX(Checker!$S$6:$S$405,MATCH($D9,Checker!$A$6:$A$405,0)))) | W9: =IF($D9="","",IF($D9=Test_Synth,IF(T9=Lbl_Viol,IF(L9>Expired_Days,Lbl_Expired,Lbl_Late),""),INDEX(Checker!$T$6:$T$405,MATCH($D9,Checker!$A$6:$A$405,0)))) | X9: =IF($D9="","",IF($D9=Test_Synth,IF(U9=Lbl_Comp,"",IF(SUMPRODUCT((M9:T9=Lbl_Viol)*(M$4:T$4=Lbl_Definite))>0,Lbl_Definite,Lbl_Assumption)),INDEX(Checker!$U$6:$U$405,MATCH($D9,Checker!$A$6:$A$405,0)))) | Y9: Compliant | AC9: =IF(Y9="","Awaiting input",IFERROR(IF(AND(U9=Y9,V9=Z9,W9=AA9,X9=AB9),"PASS","FAIL"),"FAIL")) -> PASS
A10: T02-01 | B10: TP-02 | C10: Flight, M3, Economy, booked 3 d | D10: EXP00006 | E10: =INDEX(Checker!$B$6:$B$405,MATCH($D10,Checker!$A$6:$A$405,0)) -> M3 | F10: =INDEX(Checker!$C$6:$C$405,MATCH($D10,Checker!$A$6:$A$405,0)) -> Flight | G10: =INDEX(Checker!$D$6:$D$405,MATCH($D10,Checker!$A$6:$A$405,0)) -> Non-metro | H10: =INDEX(Checker!$E$6:$E$405,MATCH($D10,Checker!$A$6:$A$405,0)) -> 6289 | I10: =INDEX(Checker!$F$6:$F$405,MATCH($D10,Checker!$A$6:$A$405,0)) -> Yes | J10: =INDEX(Checker!$G$6:$G$405,MATCH($D10,Checker!$A$6:$A$405,0)) -> 3 | K10: =INDEX(Checker!$H$6:$H$405,MATCH($D10,Checker!$A$6:$A$405,0)) -> Economy | L10: =INDEX(Checker!$I$6:$I$405,MATCH($D10,Checker!$A$6:$A$405,0)) -> 9 | M10: =IF($D10="","",IF($D10=Test_Synth,IF(F10=Lbl_Flight,IF(AND(K10=Lbl_Business,INDEX(Biz_Permitted,MATCH(E10,Caps_Grade,0))=Lbl_BizNo),Lbl_Viol,Lbl_Comp),Lbl_NA),INDEX(Checker!J$6:J$405,MATCH($D10,Checker!$A$6:$A$405,0)))) -> Compliant | N10: =IF($D10="","",IF($D10=Test_Synth,IF(F10=Lbl_Flight,IF(J10<Min_Days_Booked,Lbl_Viol,Lbl_Comp),Lbl_NA),INDEX(Checker!K$6:K$405,MATCH($D10,Checker!$A$6:$A$405,0)))) -> Violation | O10: =IF($D10="","",IF($D10=Test_Synth,IF(AND(F10=Lbl_Hotel,G10=Lbl_Metro),IF(H10>INDEX(Caps_Metro,MATCH(E10,Caps_Grade,0)),Lbl_Viol,Lbl_Comp),Lbl_NA),INDEX(Checker!L$6:L$405,MATCH($D10,Checker!$A$6:$A$405,0)))) -> n/a | P10: =IF($D10="","",IF($D10=Test_Synth,IF(AND(F10=Lbl_Hotel,G10=Lbl_NonMetro),IF(H10>INDEX(Caps_NonMetro,MATCH(E10,Caps_Grade,0)),Lbl_Viol,Lbl_Comp),Lbl_NA),INDEX(Checker!M$6:M$405,MATCH($D10,Checker!$A$6:$A$405,0)))) -> n/a | Q10: =IF($D10="","",IF($D10=Test_Synth,IF(F10=Lbl_Meals,IF(H10>IF(G10=Lbl_Metro,Limit_Metro,Limit_NonMetro),Lbl_Viol,Lbl_Comp),Lbl_NA),INDEX(Checker!N$6:N$405,MATCH($D10,Checker!$A$6:$A$405,0)))) -> n/a | R10: =IF($D10="","",IF($D10=Test_Synth,IF(F10=Lbl_Alcohol,Lbl_Viol,Lbl_NA),INDEX(Checker!O$6:O$405,MATCH($D10,Checker!$A$6:$A$405,0)))) -> n/a | S10: =IF($D10="","",IF($D10=Test_Synth,IF(AND(I10=Lbl_NoReceipt,H10>Receipt_Threshold),Lbl_Viol,Lbl_Comp),INDEX(Checker!P$6:P$405,MATCH($D10,Checker!$A$6:$A$405,0)))) -> Compliant | T10: =IF($D10="","",IF($D10=Test_Synth,IF(L10>Late_Days,Lbl_Viol,Lbl_Comp),INDEX(Checker!Q$6:Q$405,MATCH($D10,Checker!$A$6:$A$405,0)))) -> Compliant | U10: =IF($D10="","",IF($D10=Test_Synth,IF(COUNTIF(M10:T10,Lbl_Viol)>0,Lbl_Viol,Lbl_Comp),INDEX(Checker!$R$6:$R$405,MATCH($D10,Checker!$A$6:$A$405,0)))) -> Violation | V10: =IF($D10="","",IF($D10=Test_Synth,_xlfn.TEXTJOIN(", ",TRUE(),IF(M10=Lbl_Viol,M$5,""),IF(N10=Lbl_Viol,N$5,""),IF(O10=Lbl_Viol,O$5,""),IF(P10=Lbl_Viol,P$5,""),IF(Q10=Lbl_Viol,Q$5,""),IF(R10=Lbl_Viol,R$5,""),IF(S10=Lbl_Viol,S$5,""),IF(T10=Lbl_Viol,T$5,"")),INDEX(Checker!$S$6:$S$405,MATCH($D10,Checker!$A$6:$A$405,0)))) -> TP-02 | W10: =IF($D10="","",IF($D10=Test_Synth,IF(T10=Lbl_Viol,IF(L10>Expired_Days,Lbl_Expired,Lbl_Late),""),INDEX(Checker!$T$6:$T$405,MATCH($D10,Checker!$A$6:$A$405,0)))) | X10: =IF($D10="","",IF($D10=Test_Synth,IF(U10=Lbl_Comp,"",IF(SUMPRODUCT((M10:T10=Lbl_Viol)*(M$4:T$4=Lbl_Definite))>0,Lbl_Definite,Lbl_Assumption)),INDEX(Checker!$U$6:$U$405,MATCH($D10,Checker!$A$6:$A$405,0)))) -> Assumption-based | Y10: Violation | Z10: TP-02 | AB10: Assumption-based | AC10: =IF(Y10="","Awaiting input",IFERROR(IF(AND(U10=Y10,V10=Z10,W10=AA10,X10=AB10),"PASS","FAIL"),"FAIL")) -> PASS
A11: T02-02 | B11: TP-02 | C11: Flight, M2, Economy, booked 0 d | D11: EXP00014 | E11: =INDEX(Checker!$B$6:$B$405,MATCH($D11,Checker!$A$6:$A$405,0)) -> M2 | F11: =INDEX(Checker!$C$6:$C$405,MATCH($D11,Checker!$A$6:$A$405,0)) -> Flight | G11: =INDEX(Checker!$D$6:$D$405,MATCH($D11,Checker!$A$6:$A$405,0)) -> Metro | H11: =INDEX(Checker!$E$6:$E$405,MATCH($D11,Checker!$A$6:$A$405,0)) -> 17576 | I11: =INDEX(Checker!$F$6:$F$405,MATCH($D11,Checker!$A$6:$A$405,0)) -> Yes | J11: =INDEX(Checker!$G$6:$G$405,MATCH($D11,Checker!$A$6:$A$405,0)) -> 0 | K11: =INDEX(Checker!$H$6:$H$405,MATCH($D11,Checker!$A$6:$A$405,0)) -> Economy | L11: =INDEX(Checker!$I$6:$I$405,MATCH($D11,Checker!$A$6:$A$405,0)) -> 5 | M11: =IF($D11="","",IF($D11=Test_Synth,IF(F11=Lbl_Flight,IF(AND(K11=Lbl_Business,INDEX(Biz_Permitted,MATCH(E11,Caps_Grade,0))=Lbl_BizNo),Lbl_Viol,Lbl_Comp),Lbl_NA),INDEX(Checker!J$6:J$405,MATCH($D11,Checker!$A$6:$A$405,0)))) -> Compliant | N11: =IF($D11="","",IF($D11=Test_Synth,IF(F11=Lbl_Flight,IF(J11<Min_Days_Booked,Lbl_Viol,Lbl_Comp),Lbl_NA),INDEX(Checker!K$6:K$405,MATCH($D11,Checker!$A$6:$A$405,0)))) -> Violation | O11: =IF($D11="","",IF($D11=Test_Synth,IF(AND(F11=Lbl_Hotel,G11=Lbl_Metro),IF(H11>INDEX(Caps_Metro,MATCH(E11,Caps_Grade,0)),Lbl_Viol,Lbl_Comp),Lbl_NA),INDEX(Checker!L$6:L$405,MATCH($D11,Checker!$A$6:$A$405,0)))) -> n/a | P11: =IF($D11="","",IF($D11=Test_Synth,IF(AND(F11=Lbl_Hotel,G11=Lbl_NonMetro),IF(H11>INDEX(Caps_NonMetro,MATCH(E11,Caps_Grade,0)),Lbl_Viol,Lbl_Comp),Lbl_NA),INDEX(Checker!M$6:M$405,MATCH($D11,Checker!$A$6:$A$405,0)))) -> n/a | Q11: =IF($D11="","",IF($D11=Test_Synth,IF(F11=Lbl_Meals,IF(H11>IF(G11=Lbl_Metro,Limit_Metro,Limit_NonMetro),Lbl_Viol,Lbl_Comp),Lbl_NA),INDEX(Checker!N$6:N$405,MATCH($D11,Checker!$A$6:$A$405,0)))) -> n/a | R11: =IF($D11="","",IF($D11=Test_Synth,IF(F11=Lbl_Alcohol,Lbl_Viol,Lbl_NA),INDEX(Checker!O$6:O$405,MATCH($D11,Checker!$A$6:$A$405,0)))) -> n/a | S11: =IF($D11="","",IF($D11=Test_Synth,IF(AND(I11=Lbl_NoReceipt,H11>Receipt_Threshold),Lbl_Viol,Lbl_Comp),INDEX(Checker!P$6:P$405,MATCH($D11,Checker!$A$6:$A$405,0)))) -> Compliant | T11: =IF($D11="","",IF($D11=Test_Synth,IF(L11>Late_Days,Lbl_Viol,Lbl_Comp),INDEX(Checker!Q$6:Q$405,MATCH($D11,Checker!$A$6:$A$405,0)))) -> Compliant | U11: =IF($D11="","",IF($D11=Test_Synth,IF(COUNTIF(M11:T11,Lbl_Viol)>0,Lbl_Viol,Lbl_Comp),INDEX(Checker!$R$6:$R$405,MATCH($D11,Checker!$A$6:$A$405,0)))) -> Violation | V11: =IF($D11="","",IF($D11=Test_Synth,_xlfn.TEXTJOIN(", ",TRUE(),IF(M11=Lbl_Viol,M$5,""),IF(N11=Lbl_Viol,N$5,""),IF(O11=Lbl_Viol,O$5,""),IF(P11=Lbl_Viol,P$5,""),IF(Q11=Lbl_Viol,Q$5,""),IF(R11=Lbl_Viol,R$5,""),IF(S11=Lbl_Viol,S$5,""),IF(T11=Lbl_Viol,T$5,"")),INDEX(Checker!$S$6:$S$405,MATCH($D11,Checker!$A$6:$A$405,0)))) -> TP-02 | W11: =IF($D11="","",IF($D11=Test_Synth,IF(T11=Lbl_Viol,IF(L11>Expired_Days,Lbl_Expired,Lbl_Late),""),INDEX(Checker!$T$6:$T$405,MATCH($D11,Checker!$A$6:$A$405,0)))) | X11: =IF($D11="","",IF($D11=Test_Synth,IF(U11=Lbl_Comp,"",IF(SUMPRODUCT((M11:T11=Lbl_Viol)*(M$4:T$4=Lbl_Definite))>0,Lbl_Definite,Lbl_Assumption)),INDEX(Checker!$U$6:$U$405,MATCH($D11,Checker!$A$6:$A$405,0)))) -> Assumption-based | Y11: Violation | Z11: TP-02 | AB11: Assumption-based | AC11: =IF(Y11="","Awaiting input",IFERROR(IF(AND(U11=Y11,V11=Z11,W11=AA11,X11=AB11),"PASS","FAIL"),"FAIL")) -> PASS
